headline,clean_text,event_type,stance,source,timestamp,url
Monthly construction planning slipped again in February,"this story was originally published onconstruction dive. to receive daily news and insights, subscribe to our free dailyconstruction dive newsletter. nonresidential construction planning slipped for a second consecutive month to start 2026, according to dodge construction network. the dodge momentum index, a measure which tracks nonresidential construction projects entering the planning stages, tumbled7.3% month to monthin february. the drop follows a6.3% decreasein january, according to dodge. “planning momentum continued to normalize in february after a surge in activity in the back half of 2025,” said sarah martin, associate director of forecasting at dodge construction network. “elevated risks around costs, labor and geopolitics will continue to constrain builder confidence in the near-term but the robust planning pipeline suggests an acceleration in construction spending in 2027.” healthy planning around data centers and healthcare facilities continued during february. other project types such as retail stores and warehouse construction also posted strong demand, according to the report. but planning momentum for the most part slowed on the commercial side, according to the data. planning for commercial projects dropped 8.9% month to month, though still sits 12.3% higher compared to february 2025. much of that strength is due to data center planning. over the past year, commercial planning would have ticked up 4.4% without data center projects, according to dodge. institutional construction, such as education and public builds, also ticked down month to month, dropping 4%. industrial planning increased 34% year over year, according to the report. a total of 23 projects valued at $100 or more entered planning in february, according to dodge construction network. major commercial projects included: a combined $580 million for buildings 5 and 6 of the qts dfw2 data center in wilmer, texas. the $500 million cyrusone data center in whitney, texas. the $448 million tx12 data center in san antonio, texas. the largest institutional projects to enter planning included: the $400 million orange county convention center grand concourse expansion in orlando, florida. the $254 million school replacement project in upper marlboro, maryland. the $250 million langley f-22 dormitory building in mclean, virginia. recommended reading construction planning fell 6.3% to kick off 2026",regulatory_action,negative,Yahoo Finance,2026-03-11T08:17:00,https://finance.yahoo.com/news/monthly-construction-planning-slipped-again-081700317.html
IAUI Wins Best New Options Income ETF Award,"fund:neos gold high income etf (iaui) issuer:neos investments asset class:commodities aum:$390 million expense ratio:0.78% theneos gold high income etf (iaui)won best new options income etf of the 2026 etf.com awards. the strategy offers investors exposure to physical gold by investing in physical gold etps while also implementing a covered call strategy on gold etps. the options strategy works to create high monthly income while the physical gold exposure captures gold price appreciation. the options income strategy is part of neos's alternatives high income etf suite that offers underlying exposure to alternative assets and combines it with an options strategy that creates high monthly income for investors. iaui currently holds the second largest aum of the suite, following in the footsteps of theneos bitcoin high income etf (btci)launched in october 2024. iaui and the rest of the suite also offer potential tax advantages as the majority of distributions currently qualify as return of capital according to the fund page, with distributions made up of options premiums, capital gains, dividends, as well as interest. iaui solves for one of the largest drawbacks to traditional gold investing: its lack of income. in a year that saw remarkable gold price gains, the ability to earn income from price momentum proved popular with advisors and investors. in a competitive category that has seen remarkable growth in terms of investor interest and flows in recent years, this capability hedged iaui past the other nominees to secure the win. neos brings decades of options investing experience to bear when managing its strategies and offers a substantial and expanding options etf lineup that continues to prove enormously popular with investors. theneos nasdaq-100 high income etf (qqqi)cemented best new active etf in the 2025 etf.com awards. all data sourced as of 03/03/26. to see the full list of winners, gohere. permalink| © copyright 2026etf.com.all rights reserved",earnings,positive,Yahoo Finance,2026-03-11T08:10:53,https://finance.yahoo.com/news/iaui-wins-best-options-income-081053963.html
China's auto sales sink in February as phase out of subsidies for trade-ins hits demand,"hong kong (ap) — china’s domestic passenger car sales fell sharply in february from a year earlier, industry figures showed wednesday, reflecting weakening demand as some trade-in subsidies are phased out. only 950,000 units of passenger cars were sold in china last month, according to the china association of automobile manufacturers, down from nearly 1.4 million vehicles sold in january. it was the fourth straight month of year-on-year declines. overall passenger car sales including exports dropped 15.4% year-on-year, even as shipments overseas jumped 58% to 586,000, highlighting the challenges for chinese carmakers trying to offset sluggish domestic sales by expanding into foreign markets. automakers have been struggling with weak demand as some local governmentshave been phasing outtrade-in subsidies to encourage purchases of electric vehicles. chinese consumers have also been steering clear of big purchases, feeling a pinch from a slowing economy and protracted property slump. the lunar new year festival, china’s biggest holiday, took place in february, which also likely hurt sales. domestic car sales in china will likely continue to weaken this year due to the reductions of government subsidies, said chris liu, a shanghai-based senior analyst at advisory group omdia. chinese automakers make far more vehicles than the home market can absorb and that has led to a fierce price war as they compete for market share. byd, which overtookteslain 2025 as the world’s biggest ev maker, said its sales fell 41% in february from a year earlier to 190,190 vehicles. geely auto, another chinese auto group, reported a modest 1% rise in sales in february to 206,160. to help offset domestic weakness, chinese carmakers will continue to boost exports this year, analysts said. china's overall passenger car exports could grow roughly 20% in 2026 from last year, according to yichao zhang, a partner at alixpartners. developing regions such as southeast asia are key markets for chinese automakers seeking to expand sales. chinese vehicle manufacturers are likely adapt by cutting costs and shifting toward more high-end models with bigger profit margins, said claire yuan, director of corporate ratings for china autos at s&p global ratings.",earnings,negative,Yahoo Finance,2026-03-11T08:02:46,https://finance.yahoo.com/news/auto-sales-sink-china-phase-080246733.html
China's February auto sales slide due to holidays; Iran war casts pall over exports,"beijing, march 11 (reuters) - china's wholesale auto sales tumbled 15% in february, hurt by fewer business days in the month due ‌to lunar new year holidays, as well as the end of a ‌tax break and lower government subsidies for electric vehicles. sales at home plunged 34% to 950,000 ​vehicles, though the overall total was helped by a 58% surge in exports to 590,000, data from the china association of automobile manufacturers showed on wednesday. the u.s.-israeli war on iran, however, has clouded the outlook for exports. the ‌middle east accounted for around ⁠a fifth of china's vehicle exports last year. ""we're concerned that 'export' data won't very good in march,"" said chen shihua, ⁠a senior official at the association. shifts in the timing of china's lunar new year holidays each year add volatility to industry and economic data. this year, ​there ​were three fewer business days in february ​compared to last year. over january ‌and february combined, sales at home were down 26%, while exports climbed 54%. automakers in china face a number of headwinds. this includes the end of a tax break for electric vehicles as well as lower government subsidies for trading in budget greener models. domestic sales of electric and plug-in hybrid cars ‌plunged 30% in the first two months ​of the year, compared with a 17.7% gain ​for 2025. automakers are also ​reeling from the effects of a long brutal price war, ‌though they are pulling away from ​price cuts under ​pressure from authorities. that said, car makers and dealerships are now having to grapple with elevated inventories. unsold cars totalled 3.57 million at the ​end of january, up ‌from 580,000 a year earlier, according to the china passenger ​car association. ($1 = 6.8720 chinese yuan) (reporting by qiaoyi li, zhang yan and ​ju-min park; editing by edwina gibbs)",mergers_acquisitions,neutral,Yahoo Finance,2026-03-11T07:53:13,https://finance.yahoo.com/news/chinas-february-auto-sales-slide-075313091.html
How Is Kenvue’s Stock Performance Compared to Other Consumer Staple Stocks?,"headquartered in summit, new jersey, kenvue inc. (kvue) is a global consumer health company focused on everyday health and personal care products. with a market cap of roughly $34.8 billion, the company sits in the “large-cap” bracket, a category typically reserved for businesses valued above $10 billion. the scale gives kenvue the reach and resources to maintain a portfolio that spans a broad spectrum of daily health needs. it sells over-the-counter treatments for cough, cold, allergies, pain relief, and digestive health, while also offering products across skincare, haircare, oral care, and baby care. its lineup features household brands such as tylenol, benadryl, zyrtec, neutrogena, aveeno, listerine, band-aid, and johnson's, names that have earned consumer trust over decades and continue to anchor the company’s global reach. 2 high-yield dividend stocks to buy now amid the u.s.-iran war stock index futures turn lower as bond yields climb 2 ways to profit from a fading tesla stock price markets move fast. keep up by reading our free midday barchart brief newsletter for exclusive charts, analysis, and headlines. despite the brand strength, the stock’s recent trading pattern tells a more restrained story. kvue stock is currently trading 28.7% below its 52-week high of $25.17 reached in may 2025. over the past three months, the shares have edged up 3.7%. during the same stretch, the state street consumer staples select sector spdr etf (xlp) advanced 9.6%. the longer-term trend reinforces the cautious tone as the broader consumer staples basket has steadily pulled ahead, leaving kenvue playing catch-up. over the past 52 weeks, kenvue’s shares declined 24.9%, though the stock managed a modest 4.1% gain on a year-to-date (ytd) basis. by comparison, xlp has climbed 3.7% over the same 52-week period and surged 10.4% in 2026. technical indicators add another layer to the narrative. since mid-november 2025, kenvue’s shares have traded mostly above their 50-day moving average of $17.85, offering a short-term sign of stability. yet the longer-term trend still raises a caution flag. the stock has remained consistently below its 200-day moving average of $18.75 since august 2025, signaling that investors have yet to fully regain conviction in the stock’s broader trajectory. fundamentals, however, delivered a brighter note in the latest earnings release. on feb. 17, the consumer health company reported its q4 2025 results, posting revenue of $3.78 billion, up 3.2% year over year and ahead of street expectations of $3.71 billion. adjusted eps reached $0.27, marking a 3.8% increase from the prior-year figure and comfortably beating wall street’s estimate of $0.22. the market welcomed the beat, pushing the stock 2.6% higher in the following trading session as investors acknowledged the stronger-than-expected quarter. looking across the competitive landscape provides additional context. kenvue’s rival church & dwight co., inc. (chd) has also faced mixed performance. its shares declined 10.7% over the past 52 weeks, though the stock rallied sharply with a 20.6% gain ytd. the divergence highlights how investor sentiment within the consumer health and household products space can shift quickly when growth expectations improve. wall street remains cautious toward kenvue. among 12 analysts covering kvue stock, the consensus rating stands at a “hold,” reflecting a wait-and-watch stance as the company works to rebuild momentum. the average price target of $19.36 points to roughly 7.8% upside from current levels, suggesting analysts see moderate room for recovery. on the date of publication, aanchal sugandh did not have (either directly or indirectly) positions in any of the securities mentioned in this article. all information and data in this article is solely for informational purposes. this article was originally published onbarchart.com",earnings,positive,Yahoo Finance,2026-03-11T07:44:49,https://finance.yahoo.com/news/kenvue-stock-performance-compared-other-074449634.html
Analyst Report: Xcel Energy Inc,"oops, something went wrong summary minneapolis-based xcel energy is an electric and natural gas utility with regulated operations in eight western and midwestern states. xel provides generation, distribution, and transmission services and has a generating capacity of about 21,000 megawatts. the company provides utility services to 3.9 million electricity customers and 2.2 million natural gas customers through its regulated utilities. about one-fourth of customers are in the denver area and are served by subsidiary psco. in addition to providing power, xel has pipeline infrastructure and natural gas storage/compression operations. consolidated revenues in 2025 were about $14.7 billion, of which 83% were from electric sales. the company's generation mix is about 33% wind, 33% natural gas, 15% coal, and 10% nuclear with the remainder from other renewable sources. of consolidated 2024 revenues, just over 80% were from electric sales. in january 2025, regulators approved a twenty- exclusive reports, detailed company profiles, and best-in-class trade insights to take your portfolio to the next level nrg: lowering target price to $178.00 mar 11, 2026 • nrg bkh: lowering target price to $78.00 mar 11, 2026 • bkh txnm: rating decreased to a hold mar 11, 2026 • txnm analyst report: ppl corporation mar 09, 2026 • ppl analyst report: dte energy company mar 07, 2026 • dte",earnings,negative,Yahoo Finance,2026-03-12T10:36:47,https://finance.yahoo.com/research/reports/ARGUS_3546_AnalystReport_1773311807000?yptr=yahoo&ncid=yahooproperties_plusresear_nm5q6ze1cei
Stellantis sells 5 billion euros in bonds to bolster finances after EV charges,"milan, march 11 (reuters) - stellantis said on wednesday it has priced a multi-tranche 5 billion euro ($5.8 billion) equivalent hybrid ‌bond offering, tapping capital markets weeks after it announced ‌multi-billion charges in a major reset of its electric vehicle strategy. the automaker announced last ​month it was taking 22.2 billion euros in impairments after rolling back its electric-vehicle (ev) push, a shift ceo antonio filosa attributed to overestimating how quickly customers would switch to cleaner driving. as part of ‌the move, stellantis announced ⁠it would issue up to 5 billion euros in non-convertible subordinated perpetual hybrid bonds to help it ⁠preserve a strong balance sheet and available liquidity. stellantis said on wednesday the bond offering - which was executed on tuesday - consisted of three tranches: ​2.2 ​billion euros in perpetual fixed‑rate resettable ​notes with a 5.25-year ‌non-call period and a 6.25% coupon; 1.8 billion in perpetual notes with an 8-year non-call period and a 6.875% coupon; 865 million pounds ($1.16 billion) in perpetual notes with a 6.5‑year non-call period initially paying an 8.25% coupon. ""this issuance will further strengthen stellantis' capital structure ‌and liquidity position,"" the jeep-to-peugeot maker ​said in a statement. the notes settlement ​is expected on march 16. the ​automaker, whose brands also include ram, chrysler, fiat ‌and citroen, is shifting to put ​greater emphasis on ​hybrid and internal combustion models - versus former ceo carlos tavares' ev-centred strategy - arguing demand for fully electric vehicles has ​lagged earlier projections, particularly ‌in the united states. stellantis will present its new long-term ​business plan on may 21. ($1 = 0.8595 euros) ($1 = 0.7441 pounds) (reporting ​by giulio piovaccariediting by keith weir)",leadership_change,neutral,Yahoo Finance,2026-03-11T08:37:49,https://finance.yahoo.com/news/stellantis-sells-5-billion-euros-083749532.html
Magna International (MGA) Q4 Sales Rise to $10.8B as Adjusted EPS Jumps 29% to $2.18,"magna international inc. (nyse:mga) is one of thehot ev stocks to buy now. on february 13, magna reported a solid finish to 2025, with q4 sales rising 2% to $10.8 billion despite a slight decline in global vehicle production. adjusted ebit for the quarter grew 18% to $814 million, and the adjusted ebit margin expanded to 7.5%. while the company faced a $591 million non-cash impairment charge related to its electronics unit, leading to a reported diluted eps of $0.00, adjusted diluted eps rose 29% to $2.18. this was driven by operational excellence initiatives, productivity improvements, and successful new program launches, including the ford expedition and mercedes-benz g-class. for 2025, magna generated $42 billion in sales. financial results were supported by significant cash generation from operating activities, totaling $3.6 billion for the year. the company’s board of directors approved an increase in the quarterly dividend to $0.495 per share, marking 16 consecutive years of dividend growth. copyright:wihtgod / 123rf stock photo for 2026, magna international inc. (nyse:mga) anticipates continued top-line growth with sales projected between $41.9 billion and $43.5 billion. the company expects an adjusted ebit margin in the range of 6.0% to 6.6% and adjusted diluted eps between $6.25 and $7.25. capital spending is forecasted to remain disciplined at approximately $1.5 billion to $1.6 billion, supporting an anticipated free cash flow of $1.6 billion to $1.8 billion. magna international inc. (nyse:mga) operates as an automotive supplier in north america, europe, the asia pacific, and internationally. it operates through four segments: body exteriors & structures, power & vision, seating systems, and complete vehicles. while we acknowledge the potential of mga as an investment, we believe certain ai stocks offer greater upside potential and carry less downside risk. if you’re looking for an extremely undervalued ai stock that also stands to benefit significantly from trump-era tariffs and the onshoring trend, see our free report on thebest short-term ai stock. read next:40 most popular stocks among hedge funds heading into 2026and11 best ev stocks to buy according to analysts. disclosure: none.follow insider monkey on google news.",earnings,negative,Yahoo Finance,2026-03-11T07:20:18,https://finance.yahoo.com/news/magna-international-mga-q4-sales-072018011.html
NextEra Energy (NEE) PT Raised to $104 at UBS on Rising Data Center Power Demand,"nextera energy inc. (nyse:nee) is one of thehot ev stocks to buy now. on march 5, ubs increased its price target for nextera energy to $104 from $91 with a buy rating, citing the company’s strong positioning to meet rising power demand from large-scale customers such as data centers. ubs noted that while some market skepticism exists regarding nextera energy’s 8%+ eps growth target due to potential execution risks in gas plant contracts and florida-based data center developments, the firm’s multi-technology capabilities and scale in the competitive neer segment provide a distinct advantage. ultimately, securing additional generation deals is expected to support investor confidence and drive further valuation upside. in 2025, nextera energy reported adjusted eps of $3.71, which was a 8.2% year-over-year increase, surpassing the company’s financial expectations. q4 saw gaap net income rise to $1.535 billion, up from $1.203 billion in the same period of 2024. chairman and ceo john ketchum attributed these results to operational execution across both the regulated utility and competitive energy segments, positioning the company to meet surging national electricity demand. ikonoklast fotografie/shutterstock.com nextera energy inc. (nyse:nee) achieved a record-breaking year in new generation and storage, adding 13.5 gigawatts to its backlog for a total of ~30 gigawatts. a highlight was the plan to recommission the duane arnold nuclear plant through a power purchase agreement with google, reflecting high demand from hyperscalers. nextera energy has now set a long-term growth target of 8% or more in adjusted eps through 2035. for 2026, the company projects adjusted eps in the range of $3.92 to $4.02, supported by a planned 10% annual dividend growth rate through the end of the year. nextera energy inc. (nyse:nee), through its subsidiaries, generates, stores, transmits, distributes, and sells electric power to retail and wholesale customers in north america. it operates through florida power & light company/fpl and neer segments. while we acknowledge the potential of nee as an investment, we believe certain ai stocks offer greater upside potential and carry less downside risk. if you’re looking for an extremely undervalued ai stock that also stands to benefit significantly from trump-era tariffs and the onshoring trend, see our free report on thebest short-term ai stock. read next:40 most popular stocks among hedge funds heading into 2026and11 best ev stocks to buy according to analysts. disclosure: none.follow insider monkey on google news.",earnings,positive,Yahoo Finance,2026-03-11T07:19:59,https://finance.yahoo.com/news/nextera-energy-nee-pt-raised-071959436.html
"General Motors (GM) Q4 Adjusted EPS Beats at $2.51 as Company Hikes Dividend 20%, Adds $6B Buyback","general motors company (nyse:gm) is one of thehot ev stocks to buy now. earlier on january 27, general motors exceeded wall street’s q4 adjusted earnings expectations, reporting $2.51 per share against the $2.20 anticipated. despite a slight revenue miss at $45.29 billion, the automaker signaled strong confidence in its trajectory by announcing a 20% increase in its quarterly dividend to 18 cents per share. additionally, the board authorized a new $6 billion stock repurchase program, continuing a multi-year effort to reduce outstanding shares and boost stock value. 2025 was marked by significant restructuring, including over $7.2 billion in special charges related to a strategic pullback from electric vehicles and operations in china. while these one-time costs led to a reported net loss for q4, general motors’ core north american operations remained a primary profit driver. the cfo noted that us tariffs cost the company $3.1 billion in 2025, a figure that came in lower than the automaker’s initial projections of up to $4.5 billion. for 2026, general motors company (nyse:gm) issued optimistic guidance, forecasting adjusted ebit between $13 billion and $15 billion and eps in the range of $11 to $13. the ceo highlighted a goal to return north american adjusted profit margins to between 8% and 10% this year. the 2026 outlook also accounts for a 15% tariff on vehicles imported from south korea, though the company remains watchful of ongoing trade negotiations that could impact entry-level models like the chevrolet trax. general motors company (nyse:gm) designs, builds, and sells trucks, crossovers, cars, and automobile parts worldwide. it operates through gm north america, gm international, and gm financial segments. while we acknowledge the potential of gm as an investment, we believe certain ai stocks offer greater upside potential and carry less downside risk. if you’re looking for an extremely undervalued ai stock that also stands to benefit significantly from trump-era tariffs and the onshoring trend, see our free report on thebest short-term ai stock. read next:40 most popular stocks among hedge funds heading into 2026and11 best ev stocks to buy according to analysts. disclosure: none.follow insider monkey on google news.",earnings,positive,Yahoo Finance,2026-03-11T07:20:09,https://finance.yahoo.com/news/general-motors-gm-q4-adjusted-072009837.html
Daily Spotlight: Yellow Metal in Demand,"oops, something went wrong summary when global economic conditions are uncertain, investors often flock to gold. gold is currently trading at around $5,160 per ounce, up more than 17% for the year and near the high end of its five-year range of $1,660-$5,200. back in 2019, it was fetching about $1,200 per ounce. that changed rapidly during the first phase of the pandemic, as the spot price for an ounce of gold jumped 33% in six months. gold next spiked in 2022 due to the war in ukraine. over the past year, it has jumped 75%, driven by global uncertainty over tariffs and the recent attack on iran. the current price of gold reflects the perceived safety of hard assets as well as expectations for lower u.s. interest rates, which tend to weaken the dollar (the currency in which gold is priced). the outlook for interest-rate rate cuts helps because lower rates reduce the risk of a global economic recession and thus a potential decline in gold purchased for jewelry. our forecast trading range for gold in 2026 is $4,000-$6,000 and our average price forecast for the year is $5,200. is the current upward trend sustainable? from a technical standpoint, the price of gold is in a long-term bullish trend of higher highs and higher lows. that's positive. but this latest spike is a bit extraordinary. on average this century, the price of gold has traded at a 6% premium to its 12-month moving average. the standard deviation is 9%. the current premium is 38%, or more than 3 standard deviations above the norm. for a fundamental valuation exclusive reports, detailed company profiles, and best-in-class trade insights to take your portfolio to the next level hl: raising target price to $25.00 mar 11, 2026 • hl wpm: what does argus have to say about wpm? mar 11, 2026 • wpm paas: what does argus have to say about paas? mar 11, 2026 • paas kgc: lowering target price to $36.00 mar 11, 2026 • kgc aem: lowering target price to $250.00 mar 11, 2026 • aem",market_movement,negative,Yahoo Finance,2026-03-12T10:27:37,https://finance.yahoo.com/research/reports/ARGUS_46409_MarketOutlook_1773311257000?yptr=yahoo&ncid=yahooproperties_plusresear_nm5q6ze1cei
"Meet the Super Semiconductor Stock Obliterating Nvidia, AMD, and Broadcom Right Now","most artificial intelligence (ai) development happens inside enormous, centralized data centers, which house thousands of specialized chips called graphics processing units (gpus).nvidiaandadvanced micro devicesare two of the world's top suppliers of gpus, butbroadcomis also in the mix with customizable chips it calls ai accelerators. but ai infrastructure is made up of more than chips alone.corning(nyse: glw)has become a top supplier of fiber-optic cables, which transmit data at a much faster rate than copper cables. speed is everything in the ai race, so data center operators are buying corning's fiber hand over fist right now. that's driving a surge in the company's revenue. will ai create the world's first trillionaire?our team just released a report on the one little-known company, called an ""indispensable monopoly"" providing the critical technology nvidia and intel both need.continue » corning's stock price has rocketed higher by 170% over the last 12 months. it'scrushingnvidia, amd, and broadcom, which are up 61%, 94%, and 84% respectively over the same period. here's why further gains might be ahead. nvidia's flagship blackwellgpusare often configured using the company's nv-link racks. each rack typically includes 72 gpus, along with 36 central processors (cpus) and several networking components. each rack is connected using two miles of copper cable, but data center operators are quickly transitioning to fiber, which is a huge opportunity for corning. fiber is proven to transmit information at faster speeds, and over much longer distances, than copper, with minimal data loss. many ai developers pay for cloud computing capacity by the minute, so faster processing speeds can result in substantial cost savings over time. plus, while 72-gpu data center racks are the standard right now, every rack will eventually househundredsof gpus in the future, so the efficient transmission of data will become an even greater priority. that's why facebook parent companymeta platformsjust secured its future supply of fiber. it signed a deal with corning in january to purchase a whopping $6 billion worth of cables over the next few years. but this is only the beginning. corning ceo wendell weeks predicts that the size of the market for data center optical fiber could triple in size over the long term, thanks to demand from ai developers. corning produced $16.4 billion in core revenue during 2025, which was a 13% increase from the previous year. its optical communications business contributed $6.2 billion in revenue, and grew at a much faster pace of 35%. the enterprise segment of the optical communications business, specifically, delivered $3 billion in revenue, which was up by a whopping 61%. the amount of revenue attributable to hyperscaler customers more thandoubled, which truly highlights how much demand there is for data center optical fiber right now. that demand grants corning a significant amount of pricing power, which resulted in a record $1 billion profit for its optical communications business alone during 2025, up 71% from the prior year. this contributed to core (adjusted) earnings of $2.52 per share for the company overall. based on corning's core 2025 earnings, its stock is trading at a price-to-earnings (p/e) ratio of 48.9, which is a hefty premium to the 31.8 p/e ratio of thenasdaq-100index. in other words, the stock looks quite expensive compared to a basket of other high-quality tech powerhouses. corning is also more expensive thannvidia, which is trading at a p/e ratio of 37.3 as i write this. however, corning trades much closer to the p/e ratios of amd and broadcom, which currently stand at 46.1 and 45.5, respectively. while it's reasonable to argue that corning stock is fully valued right now, there might still be some upside on the table for investors who are willing to hold on to it for the next couple of years. wall street's consensus estimates (provided by yahoo! finance) suggest that the company's earnings will grow to $3.11 per share in 2026, and then to $3.87 per share in 2027, placing its stock at forward p/e ratios of 39.6 and 31.8, respectively. plus, weeks says that corning is in the process of finalizing several other agreements of similar size and scope to its recent meta deal, so analysts might have toraisetheir earnings forecasts when more information becomes available. in other words, corning stock might actually be cheaper right now than it appears at face value. before you buy stock in corning, consider this: themotley fool stock advisoranalyst team just identified what they believe are the10 best stocksfor investors to buy now… and corning wasn’t one of them. the 10 stocks that made the cut could produce monster returns in the coming years. consider whennetflixmade this list on december 17, 2004... if you invested $1,000 at the time of our recommendation,you’d have $530,233!* or whennvidiamade this list on april 15, 2005... if you invested $1,000 at the time of our recommendation,you’d have $1,119,682!* now, it’s worth notingstock advisor’stotal average return is 955% — a market-crushing outperformance compared to 191% for the s&p 500.don't miss the latest top 10 list, available withstock advisor, and join an investing community built by individual investors for individual investors. see the 10 stocks » *stock advisor returns as of march 11, 2026. anthony di piziohas no position in any of the stocks mentioned. the motley fool has positions in and recommends advanced micro devices, corning, meta platforms, and nvidia. the motley fool recommends broadcom. the motley fool has adisclosure policy. meet the super semiconductor stock obliterating nvidia, amd, and broadcom right nowwas originally published by the motley fool",earnings,positive,Yahoo Finance,2026-03-11T08:13:00,https://finance.yahoo.com/news/meet-super-semiconductor-stock-obliterating-081300495.html
Dana Inc. (DAN) Appoints Byron Foster as New CEO Effective July 1,"dana incorporated (nyse:dan) is one of thehot ev stocks to buy now. on february 12, dana incorporated appointed byron foster as its next chief executive officer, effective july 1. this leadership change follows a structured transition plan where the current chairman and ceo, r. bruce mcdonald, will step down from the chief executive role while remaining chairman of the board. mcdonald, who has led the company since 2024, expressed strong confidence in foster’s ability to guide the organization through its next chapter of growth, citing his deep understanding of the business and pivotal role in dana incorporated’s recent operational transformations. foster currently serves as the senior vice president and president of light vehicle systems, which is dana incorporated’s largest business unit. since joining the company in 2021, he has been credited with delivering significant sales growth and improving profit margins within his division. photo by obi onyeador on unsplash upon assuming his new role, foster intends to focus on building upon dana incorporated’s (nyse:dan) established foundation of engineering excellence and global team collaboration. he emphasized a commitment to innovation and value delivery across both the light and commercial vehicle markets to ensure long-term success. the transition period through july is designed to maintain stability as the company continues to navigate evolving industry demands and strategic opportunities within the automotive and commercial sectors. dana incorporated (nyse:dan), together with its subsidiaries, provides power-conveyance and energy-management solutions for on-highway vehicles in north america, europe, south america, and the asia pacific. while we acknowledge the potential of dan as an investment, we believe certain ai stocks offer greater upside potential and carry less downside risk. if you’re looking for an extremely undervalued ai stock that also stands to benefit significantly from trump-era tariffs and the onshoring trend, see our free report on thebest short-term ai stock. read next:40 most popular stocks among hedge funds heading into 2026and11 best ev stocks to buy according to analysts. disclosure: none.follow insider monkey on google news.",earnings,neutral,Yahoo Finance,2026-03-11T07:19:37,https://finance.yahoo.com/news/dana-inc-dan-appoints-byron-071937599.html
"Navitas Semiconductor (NVTS) Pivot to AI, Power Infra Drives Majority of Q4 Revenue","navitas semiconductor corporation (nasdaq:nvts) is one of thehot ev stocks to buy now. on february 24, navitas semiconductor announced its q4 2025 earnings report and highlighted a strategic pivot to ‘navitas 2.0,’ focusing its gallium nitride/gan and silicon carbide/sic solutions on high-growth, high-power markets such as ai data centers and energy infrastructure. for the first time in the company’s history, these high-power sectors represented the majority of quarterly revenue, while mobile-related income declined to less than 25%. despite a decrease in total q4 revenue to $7.3 million compared to the previous year, the company raised $95.6 million through a private placement, ending 2025 with $236.9 million in cash to fund its transition. operationally, navitas is accelerating its product roadmap by sampling 650v gan for ai applications and ultra-high-voltage 3300v sic modules for the energy grid. the company also formalized a long-term manufacturing partnership with globalfoundries to scale us-based gan production by late 2026. close-up of silicon die are being extracted from semiconductor wafer and attached to substrate by pick and place machine. computer chip manufacturing at fab. semiconductor packaging process. for 2026, navitas semiconductor corporation (nasdaq:nvts) anticipates a return to sequential top-line growth, with q1 revenue projected to rise to between $8.0 million and $8.5 million. the ceo highlighted ai as a primary catalyst for the broadening adoption of navitas’ high-power solutions, particularly in 800v data center architectures. navitas semiconductor corporation (nasdaq:nvts) designs, develops, and markets power semiconductors in the us, europe, china, the rest of asia, and internationally. while we acknowledge the potential of nvts as an investment, we believe certain ai stocks offer greater upside potential and carry less downside risk. if you’re looking for an extremely undervalued ai stock that also stands to benefit significantly from trump-era tariffs and the onshoring trend, see our free report on thebest short-term ai stock. read next:40 most popular stocks among hedge funds heading into 2026and11 best ev stocks to buy according to analysts. disclosure: none.follow insider monkey on google news.",earnings,neutral,Yahoo Finance,2026-03-11T07:19:50,https://finance.yahoo.com/news/navitas-semiconductor-nvts-pivot-ai-071950855.html
Lithium Americas (LAC) Forecasts $1.3B to $1.6B 2026 Capex as Thacker Pass Peak Nears,"lithium americas corp. (nyse:lac) is one of thehot ev stocks to buy now. on february 12, lithium americas corp. reported progress on its thacker pass lithium project in nevada throughout 2025, marking a pivotal year for development. construction remains on schedule, with phase 1 engineering design now 93% complete and procurement at 60%. as of late 2025, ~950 personnel were on-site, a figure the company expects to grow to 1,800 workers during the 2026 peak construction phase. the company maintained a strong safety record, completing over 1.6 million workhours in 2025 without a lost-time incident. for 2026, lithium americas issued capital expenditure guidance between $1.3 billion and $1.6 billion to support continued development. this investment covers construction costs, capitalized development expenses, and interest on its department of energy loan. the company is actively monitoring potential tariff exposure on international construction materials, but notes that ~75% of total project costs (primarily labor and services) are insulated from direct tariff impacts. meanwhile, the operations and business readiness team continues to ramp up hiring and training in anticipation of site commissioning. photo bymichael fousertonunsplash looking ahead, lithium americas corp. (nyse:lac) remains on track for mechanical completion of the phase 1 processing plant in late 2027, followed by a production ramp-up in 2028. key development milestones for 2026 include the delivery of major long-lead equipment, the continuation of cable pulls, and the energizing of regional substations. early commissioning of individual plant facilities is scheduled for q4 2026. these efforts are part of a broader strategy to establish a secure, domestic lithium supply chain as global market conditions continue to strengthen. lithium americas corp. (nyse:lac) develops, builds, and operates lithium deposits and chemical processing facilities in the us and canada. while we acknowledge the potential of lac as an investment, we believe certain ai stocks offer greater upside potential and carry less downside risk. if you’re looking for an extremely undervalued ai stock that also stands to benefit significantly from trump-era tariffs and the onshoring trend, see our free report on thebest short-term ai stock. read next:40 most popular stocks among hedge funds heading into 2026and11 best ev stocks to buy according to analysts. disclosure: none.follow insider monkey on google news.",regulatory_action,neutral,Yahoo Finance,2026-03-11T07:18:52,https://finance.yahoo.com/news/lithium-americas-lac-forecasts-1-071852716.html
Sociedad Química y Minera de Chile (SQM) PT Raised to $100 at Scotiabank as Top 2026 Pick,"sociedad química y minera de chile s.a. (nyse:sqm) is one of thehot ev stocks to buy now. on march 4, scotiabank increased its price target for sociedad química y minera de chile from $90 to $100 while maintaining an outperform rating. the firm continues to designate the company as a top pick for investors as they look toward 2026. sociedad química y minera de chile s.a. (nyse:sqm) also held its q4 and full-year 2025 earnings on march 2, reporting annual revenues of $44.6 billion and net income of $588 million. ceo ricardo ramos highlighted the year’s strategic milestones, including the formation of nova andino litio through an agreement with codelco and record quarterly lithium sales volumes exceeding 66,000 metric tons. on february 23, berenberg increased its price target for sociedad química y minera de chile from $47 to $53 while keeping a hold rating. the firm noted that a rally in lithium prices has caused producer share prices to more than double since mid-2025, leading to the assessment that sociedad química y minera de chile is currently trading above its fundamental valuation levels. sociedad química y minera de chile s.a. (nyse:sqm) produces and sells specialty plant nutrients, iodine, and its derivatives worldwide. while we acknowledge the potential of sqm as an investment, we believe certain ai stocks offer greater upside potential and carry less downside risk. if you’re looking for an extremely undervalued ai stock that also stands to benefit significantly from trump-era tariffs and the onshoring trend, see our free report on thebest short-term ai stock. read next:40 most popular stocks among hedge funds heading into 2026and11 best ev stocks to buy according to analysts. disclosure: none.follow insider monkey on google news.",earnings,positive,Yahoo Finance,2026-03-11T07:18:35,https://finance.yahoo.com/news/sociedad-qu-mica-y-minera-071835685.html
Technical Assessment: Bullish in the Intermediate-Term,"oops, something went wrong summary the oil markets had a relatively calm day on wednesday, despite ominous headlines out of the middle east. light sweet crude (wti) rose over 5% to $88/barrel near the close, while brent also gained over 5% and was trading at $92.70 late in the session. these levels are near recent closing highs. despite the decline in volatility, the cboe crude oil volatility index (ovx) rose to another record (ex. the pandemic) near 121%. the ovx is based on call and put option prices of the united states oil fund (uso, $108). to demonstrate the lunacy in this options market, the at-the-money april 17 $108 uso call options are trading at $15.50/contract, while the same put option is at $15.40/contract. these contracts expire in 26 trade days. that means that if you buy the call option, uso needs to rally to at least $123.50 by expiration just to break even over the next 26 days. if you buy the put option, uso would have to close at $92.60 or lower at expiration to break even. because premiums are so elevated, it would be much more advisable to either sell way out of the money call options or way out of the money put options. selling premium in times of panic can be lucrative. stock mar exclusive reports, detailed company profiles, and best-in-class trade insights to take your portfolio to the next level analyst report: capital one financial corporation mar 11, 2026 • cof analyst report: american international group, inc. mar 11, 2026 • aig aph: raising target price to $156.00 mar 11, 2026 • aph dy: lowering target price to $401.00 mar 11, 2026 • dy eme: lowering target price to $823.00 mar 11, 2026 • eme",market_movement,positive,Yahoo Finance,2026-03-12T10:26:33,https://finance.yahoo.com/research/reports/ARGUS_46408_TechnicalAnalysis_1773311193000?yptr=yahoo&ncid=yahooproperties_plusresear_nm5q6ze1cei
Critical Metals to advance Tanbreez project in Greenland,"critical metals has approved a $30m programme to expedite the development of the tanbreez heavy rare earth elements (hrees) project in greenland towards production. the initiative focuses on one of the largest known rare earth deposits globally, with the start of ore production anticipated in late 2028 or early 2029 and concentrate exports by the third quarter of 2029. the company, which operates in the critical minerals mining sector, is responding to increased global demand for rare earth elements (rees) driven by growth in electrification, renewable energy and advanced technology manufacturing. it envisions tanbreez as a significant source of hrees for western markets. the $30m plan involves advancing exploration, infrastructure, engineering and metallurgical processes essential for transitioning tanbreez from exploration to development stages. these include a $12.5m investment in exploration by 2026, up to 6,000m of drilling, resource expansion from 45 million tonnes (mt) to approximately 130mt and bulk sampling for pilot plant feedstock. additionally, around $15m will be allocated for infrastructure acquisitions in greenland and australia, along with advanced metallurgical testing and integrated engineering programmes conducted with international consultants. these activities are contingent on approvals from the greenland government. the acceleration plan builds on previous achievements by critical metals, including exploration campaigns in 2024 and 2025 that yielded high-grade assay results. furthermore, strategic discussions with partners in the us, europe and saudi arabia aim to establish western supply chains for rees. in june 2025, the company secured a $120mletter of interest(loi) from exim bank for project development and financing. the 2026 field programme intends to expand the resource base and prepare tanbreez for initial production stages. objectives include extensive drilling at the hill zone deposit, exploration in the upper fjord area, resource upgrades, geotechnical drilling for port development and bulk sampling for pilot plant processing. critical metals ceo tony sage said: “the board’s approval of this $30m acceleration programme marks an important step forward in unlocking the enormous potential of the tanbreez rare earth deposit. “over the past 18 months our team has systematically advanced the project through exploration success, strategic partnerships and infrastructure development.” ""critical metals to advance tanbreez project in greenland"" was originally created and published bymining technology, a globaldata owned brand. the information on this site has been included in good faith for general informational purposes only. it is not intended to amount to advice on which you should rely, and we give no representation, warranty or guarantee, whether express or implied as to its accuracy or completeness. you must obtain professional or specialist advice before taking, or refraining from, any action on the basis of the content on our site.",earnings,positive,Yahoo Finance,2026-03-11T08:19:31,https://finance.yahoo.com/news/critical-metals-advance-tanbreez-project-081931627.html
Albemarle (ALB) Q4 Sales Rise 16% to $1.4B on Strong Volume Growth,"albemarle corporation (nyse:alb) is one of thehot ev stocks to buy now. on february 11, albemarle corporation reported q4 2025 net sales of $1.4 billion, which was a 16% increase driven by volume growth across all segments, particularly in energy storage and ketjen. despite the rise in sales, the company recorded a quarterly net loss of $414 million due to tax-related items and asset write-downs linked to the anticipated sale of its ketjen business. for 2025, the company generated $1.3 billion in cash from operations and $692 million in free cash flow, supported by a 65% year-over-year reduction in capital expenditures. albemarle corporation exceeded its internal efficiency goals by achieving ~$450 million in cost and productivity improvements. strategically, the firm closed the sale of its stake in the eurecat jv in january and remains on track to finalize the divestiture of a controlling interest in ketjen during q1 2026. igor karasi / shutterstock.com looking toward 2026, albemarle corporation’s (nyse:alb) outlook suggests meaningful free cash flow generation, provided recent gains in lithium market prices hold. capital expenditures for the coming year are expected to remain flat at ~$550 million to $600 million, focusing on resource development and productivity. while the specialties segment may face some pressure from lower lithium specialty pricing and external factors like recent flooding at a jv in jordan, the company expects energy storage production volumes to increase as market conditions continue to stabilize. albemarle corporation (nyse:alb) provides energy storage solutions worldwide. it operates through three segments: energy storage, specialties, and ketjen. while we acknowledge the potential of alb as an investment, we believe certain ai stocks offer greater upside potential and carry less downside risk. if you’re looking for an extremely undervalued ai stock that also stands to benefit significantly from trump-era tariffs and the onshoring trend, see our free report on thebest short-term ai stock. read next:40 most popular stocks among hedge funds heading into 2026and11 best ev stocks to buy according to analysts. disclosure: none.follow insider monkey on google news.",earnings,positive,Yahoo Finance,2026-03-11T07:18:20,https://finance.yahoo.com/news/albemarle-alb-q4-sales-rise-071820913.html
"I'm 62 With $900,000 in My 401(k). Should I Convert $90k Annually to Reduce Taxes and RMDs?","smartasset and yahoo finance llc may earn commission or revenue through links in the content below. late-in-life roth conversions can take some tricky math. as you approach retirement, one of the most important questions will be how to manage the taxes on your retirement income. for households that rely on pre-tax portfolios, like a 401(k) or a traditional ira, this means anticipating ordinary income taxes on all of your withdrawals. it also means anticipating the necessary withdrawals associated with the irs' required minimum distributions (rmd) rule. as a result, it's common for people in their 60s to at least consider converting their money to a roth ira. this can have significant upsides. it will eliminate your taxes in retirement, along with your rmd requirements, and will even improve the after-tax value of your estate. the problem is that, as you close in on retirement, a roth conversion can get very expensive. you will pay quite a lot of up-front conversion taxes in exchange for those long-term income tax savings. to look at this, let's say that you're 62 with $900,000 in your 401(k). in this case, will you save money by converting your portfolio to a roth ira $90,000 per year? here are some things to think about. you should also considerspeaking with a financial advisorfor personalized guidance. every pre-tax retirement portfolio, including 401(k)s and traditional iras, have two major issues that households should keep an eye on. first, these portfolios are taxed as ordinary income when you take withdrawals in retirement. this means that you pay taxes at income tax rates, instead of the special lower rate ordinarily reserved for investments and capital gains. these taxes apply to your entire withdrawal, not just the portfolio's gains, as your original contributions were tax deferred. second, all pre-tax portfolios have what are called required minimum distributions (""rmds""). this is a minimum amount that you must withdraw from each pre-tax retirement account that you hold. currently, required minimum distributions begin at age 73, meaning that you must begin taking these minimum withdrawals in the year that youturn 73.the exact amount you must withdraw is based on a combination of your portfolio's value and your age. required minimum distributions are a form of tax planning by the government. this is an irs rule intended to make sure you begin triggering tax events on your pre-tax portfolios so it can collect planned revenues, and the penalty for not taking your full rmd is assessed on your taxes. the easiest way to avoid both taxes and rmds is through a roth ira. post-tax portfolios do not have required minimum distributions. this is because you do not pay any taxes on the money you withdraw from these accounts. to take advantage of this, many households consider what is called a roth conversion. this is when you transfer money from a qualifying pre-tax portfolio, such as a 401(k) or an ira, to a post-tax roth ira. you can convert any amount of money you want, so long as it comes from a valid pre-tax account. once the money has been moved to a roth ira, it will grow tax-free and you will have neither income tax nor rmd requirements in the future. the catch to a roth conversion is that you do have to pay up-front conversion taxes. when you convert money to a roth portfolio, you include the entire amount converted as taxable income for the year in question. this increases your taxes for the year proportionally. for example, let's say you're an individual making $75,000 per year. ordinarily, you would owe around$8,761in annual income taxes. however, say that this year you convert your $900,000 401(k) to a roth ira. this would bring your taxable income to $975,000 for the year, and you would owe total income taxes of$315,958. if you are older than 59 1/2 you can withdraw money from your portfolio to pay these taxes. here, for example, your roth conversion could raise your taxes by an estimated $307,197 for the year. if you take that from your portfolio, you would have $592,803 left in your roth ira after taxes. if you are not older than 59 1/2, or if you'd like to leave your money in place, you will need to have another source of funds to pay these taxes. a fiduciary financial advisor can help you navigate roth conversion rules and calculations based on your own circumstances and assumptions. usethis free toolto get matched. as we illustrate above, conversion taxes can be a huge drawback to a roth conversion. specifically, the closer you are to retirement, often the more likely it is that the costs of conversion taxes will outweigh your future tax savings. you are likely to be in a higher tax bracket late in your career, you will transfer more money if you are nearing retirement, and your roth ira will have less time for tax-free growth. one way to help manage that is through what's called a staggered conversion. this is when you convert smaller amounts of money in stages, rather than a large amount of money all at once. the key advantage to a staggered conversion is that it can help keep your tax brackets low. the more money you convert, the higher your taxable income and the higher your resulting tax brackets. this means you will pay higher taxes per dollar converted than you would by converting less at a time. by converting your money in smaller, staggered amounts, you can keep your tax brackets lower. take our example here. if you convert all $900,000 at once you will push your taxable income to the 37% bracket, with an effective tax rate of32.02% overall (setting aside your ordinary income for the year). on the other hand, if you convert just $90,000, that would only fall into the 22% tax bracket and a13.40% effective rate. again, setting aside your income, each $90,000 conversion would trigger $12,061 of income taxes. this would come to $120,610 over 10 years, less than half the $307,197 in conversion taxes you would pay by making this move all at once. so, should you convert your money? it depends on your goals. if you are approaching retirement, you might spend more money on conversion taxes than you will save on income taxes and rmd requirements. if you are looking to maximize the value of your estate, however, you will usually preserve the most wealth for your heirs by allowing them to inherit a tax-free roth ira. to understand that, let's look at your $900,000 401(k). for ease of use, we will assume away both inflation and portfolio growth, although in real life neither are trivial concerns. let's assume that your income is the rough median of $75,000 per year. if you convert $90,000 per year, this would push your annual taxable income to $165,000. your tax bracket would tick slightly up from 22% to 24%, and you would pay conversion taxes of approximately $20,915 per year ($29,676 total taxes – $8,761 of income taxes at $75,000 of income). over 10 years, this would come to a total of $209,150in conversion taxes, leaving you with $690,850 in a roth ira at age 72. let's further assume that you use a standard 4% withdrawal strategy, meaning you take 4% from this portfolio each year for 25 years. with our post-conversion roth ira this would give you approximately $27,634 of after-tax income each year ($690,850 * 0.04). with your traditional ira, you would have an estimated $33,652 of after-tax income each year ($900,000 * 0.04 = $36,000 – $2,438of taxes). so in this case you might have more income by leaving your money in place, and that's before we even account for lost growth and opportunity cost due to the conversion taxes. however, these examples are simplified and don’t account for some dynamics like portfolio growth, inflation and your own income level and retirement needs. for tailored help, consider speaking with a vettedfiduciary advisor. there are many ways to look at it, but in most cases the result is the same. by the time you reach your 60s, your retirement accounts have grown large enough to trigger very significant conversion taxes. at the same time, a new roth portfolio will have little (if any) time to enjoy untaxed growth that would offset those taxes. the upshot is that it's rare to save money on taxes by making a late-career conversion, but it can be a great boon for the right individuals. a roth ira can certainly help you manage your taxes and rmd withdrawals in retirement, by eliminating them altogether. however, as you approach retirement, make sure that your long-term savings will actually exceed your up-front conversion taxes, otherwise you might pay a hefty premium for that ease of mind. roth iras are a fantastic financial vehicle, but they're particularly useful if you time them well.perhaps more than any other retirement account, these will be most valuable to you early in life, when you can maximize the tax advantages. a financial advisor can help you build a comprehensive retirement plan. finding a financial advisor doesn't have to be hard.smartasset's free toolmatches you with up to three vetted financial advisors who serve your area, and you can have a free introductory call with your advisor matches to decide which one you feel is right for you. if you're ready to find an advisor who can help you achieve your financial goals,get started now. keep an emergency fund on hand in case you run into unexpected expenses. an emergency fund should be liquid — in an account that isn’t at risk of significant fluctuation like the stock market. the tradeoff is that the value of liquid cash can be eroded by inflation. but a high-interest account allows you to earn compound interest.compare savings accounts from these banks. are you a financial advisor looking to grow your business? smartasset amp helps advisors connect with leads and offers marketing automation solutions so you can spend more time making conversions. learn more aboutsmartasset amp. photo credit: ©istock.com/svetikd the posti’m 62 with $900,000 in my 401(k). should i convert $90k per year to avoid taxes and rmds in retirement?appeared first onsmartreads by smartasset.",earnings,negative,Yahoo Finance,2026-03-11T09:00:00,https://finance.yahoo.com/news/im-62-900-000-401-142054024.html
Ask an Advisor: I Pay a 0.75% Fee on $1.5M Invested. How Do I Know If It's Worth It?,"i’m trying to nail down what metrics i should use to evaluate how well my retirement account is being managed. i’ve vetted the company that “actively” manages my account. i have $1.5 million invested in a 50/50 mix of stocks and bonds and pay a 0.75% management fee. i would like to know if i’m getting the best bang for my buck. -chris to know what metrics to track, you first need to consider what you’re expecting from the company managing your account and what they say they provide you. ultimately, whether or not you are getting your money’s worth is a function of how satisfied you are. if they are meeting your needs and you have no complaints, then great! if not, you may want to look for someone new to manage your portfolio. service and investment performance are two common areas you’ll want to consider. (and if you need help finding financial advice,this tool can help match you with potential advisors.) what services do they provide? services can vary widely from one firm or advisor to another. some advisors arefinancial plannerswho, in addition to managing accounts, also provide comprehensive financial advice. others may focus on a specific area likeretirement, self-employment considerations or equity compensation. meanwhile, some advisors strictly manage investments. you’ll first want to consider whether or not you’re happy with the services that you’re receiving. then, think about the level of communication you have with the advisor managing your account. no amount is objectively right or wrong as long as you are satisfied. you may not want to hear from your advisor very often or you may want to hear from them frequently. it’s up to you. the point is that you’re able to communicate with your advisor as frequently as you want and need and that the communication is useful to you. in other words, do you walk away from those conversations feeling overwhelmed or does that communication actually provide clarity? one thing that sticks out to me in your question is that you refer to a company rather than a person. this makes me wonder how personal the advice and relationship are. (and if you need help finding a new financial advisor,this tool can help you connect with potential matches.) how have they done managing your investments? just as services differ from one advisor to the next, there are different investment styles that may produce different results. it’s very important that your investment philosophy and goals align with your advisor’s approach. some advisors are going to be more active than others and be focused on differentasset classesorstrategies. again, the way to assess your portfolio performance is to determine if your advisor is following through on what they say they are going to do for you. if your advisor is investment-focused and suggests their methods will provide you with superior investment performance, you can compare your return against a relevant benchmark to see how your returns stack up. if your advisor is more planning-focused and suggests that they will manage your investments in a way to meet various goals, nominal returns may not be the best metric for evaluating them. in that case, you’ll want to assess whether you are in fact meeting your goals in a timely fashion. then again, your advisor’s investment style could be a blend between these two. for example, they might manage your investments with the goal of generating a specific amount of tax-free income or dividends per month. (whether you need help managing investments or creating a financial plan, afinancial advisorcan help.) how much does it cost? of course, then there’s thecost. again, it will vary from one advisor to the next and depend on the level and type of service you are receiving, but 0.75% is within the normal range. some advisors may charge twice that amount. if you want cheaper management it is certainly available. you can likely find arobo-advisorfor half that cost, just be mindful of the general trade-off between service/communication and cost. you can even do it yourself and save the cost entirely. that’s a legitimate option, but before you decide to do that make sure it’s a viable route for you. (and if you need help in your search for financial advice,this tool can help match you with potential advisors.) bottom line when evaluating your financial advisor or the company that’s managing your investments, you’ll want to consider the services they provide, how much they communicate with you, how well your investments have performed and how much it all costs. if you’re unsatisfied in any of these areas, perhaps it’s time to look for a new advisor. tips for finding a financial advisor finding afinancial advisordoesn’t have to be hard.smartasset’s free toolmatches you with up to three vetted financial advisors who serve your area, and you can have free introductory calls with your advisor matches to decide which one you feel is right for you. if you’re ready to find an advisor who can help you achieve your financial goals,get started now. consider a few advisors before settling on one. it’s important to make sure you find someone you trust to manage your money. as you consider your options,these are the questions you should ask an advisorto ensure you make the right choice. keep an emergency fund on hand in case you run into unexpected expenses. an emergency fund should be liquid -- in an account that isn't at risk of significant fluctuation like the stock market. the tradeoff is that the value of liquid cash can be eroded by inflation. but a high-interest account allows you to earn compound interest.compare savings accounts from these banks. are you a financial advisor looking to grow your business? smartasset amp helps advisors connect with leads and offers marketing automation solutions so you can spend more time making conversions. learn more aboutsmartasset amp. photo credit: ©istock.com/mixetto, ©istock.com/andreypopov the postask an advisor: i have $1.5m invested with my advisor and i pay a 0.75% fee. how do i know if i’m getting the ‘best bang for my buck?’appeared first onsmartasset blog.",earnings,neutral,Yahoo Finance,2026-03-11T07:00:00,https://finance.yahoo.com/news/ask-advisor-1-5m-invested-113644080.html
Chevron and Shell Move Closer to New Oil Deals in Venezuela,"chevron and shell are reportedly close to sealing deals for oil production in venezuela following the united states’ takeover of the country’s energy industry, reuterswrote, citing unnamed sources. both companies had already secured preliminary deals with the venezuelan authorities. per the sources, chevron is in talks to expand production at its petropiar joint venture operation with pdvsa, tapping an adjacent deposit to the one currently under exploitation. the supermajor is currently seeking to negotiate lower royalty rates for the new deposit, reuters also said in its report, adding it would also seek additional incentives made available under venezuela’s new oil law. if the deal is finalised, chevron would become the largest private producer of heavy crude in venezuela’s orinoco belt. shell, meanwhile, is in talks for the development of fields in eastern venezuela, in the monagas north area. reuters noted that the area contains some of venezuela’s few deposits of light and medium crude. shell also has plans for developing natural gas resources in venezuela, both offshore and onshore, the company told reuters in a statement concerning the news of the negotiations. related:little-known us company lands important pentagon contract in rare earth race the new law, approved by parliament earlier this year, stipulates that private companies “will assume full management of the activities at its own expense, account, and risk, after demonstrating its financial and technical capacity through a business plan” that will be subject to approval by the venezuelan oil ministry. the ownership of the resources to be developed by private companies, however, will remain with the venezuelan state. the new law also caps royalty rates at 30% but allows the government to set individual royalty rates for projects based on factors such as investment needs and competitiveness. following the adoption of the new law, venezuela’s interim president delcy rodriguezsaidshe expected fresh oil investments of as much as $1.4 billion this year. by irina slav for oilprice.com more top reads from oilprice.com why $100 oil isn’t going to spark a new shale boom the chokepoint economy: what happens when everything breaks at once gulf producers slash oil output by 5 million bpd oilprice intelligencebrings you the signals before they become front-page news. this is the same expert analysis read by veteran traders and political advisors. get it free, twice a week, and you'll always know why the market is moving before everyone else. you get the geopolitical intelligence, the hidden inventory data, and the market whispers that move billions - and we'll send you $389 in premium energy intelligence, on us, just for subscribing. join 400,000+ readers today.get access immediately by clicking here.",regulatory_action,negative,Yahoo Finance,2026-03-11T06:39:37,https://finance.yahoo.com/news/chevron-shell-move-closer-oil-063937471.html
"Market Digest: NFLX, OSK, TECH, XEL","oops, something went wrong summary the oil markets had a relatively calm day on wednesday, despite more ominous headlines out of the middle east. light sweet crude (wti) rose over 5% to $88/barrel near the close, while brent also gained over 5% and was trading at $92.70 late in the session. these levels are near the recent closing highs. despite the decline in volatility, the cboe crude oil volatility index (ovx) rose to another record (ex. the pandemic) of nearly 121%. the ovx is based on call and put option prices of the united states oil fund (uso, $108). to demonstrate the lunacy in this options market, the at-the-money april 17 $108 uso call options are trading at $15.50/contract, while the same put option is at $15.40/contract. these contracts expire in 26 trade days. that means that if you buy the call option, uso needs to rally to at least $123.50 by expiration just to breakeven over the next 26 days. if you buy the put option, uso would have to close at $92.60 or lower at expiration to breakeven. because premiums are so elevated, it would be much more advisable to either sell way out of the money call options or way out of the money put options. selling premium in times of panic can be quite lu exclusive reports, detailed company profiles, and best-in-class trade insights to take your portfolio to the next level analyst report: alibaba group holding limited mar 11, 2026 • baba a: lowering target price to $127.00 mar 11, 2026 • a akam: raising target price to $115.00 mar 11, 2026 • akam sats: lowering target price to $114.00 mar 11, 2026 • sats txt: lowering target price to $102.00 mar 11, 2026 • txt",market_movement,positive,Yahoo Finance,2026-03-12T10:21:47,https://finance.yahoo.com/research/reports/ARGUS_46402_MarketSummary_1773310907000?yptr=yahoo&ncid=yahooproperties_plusresear_nm5q6ze1cei
Could Buying This AI Crypto Today Set You Up for Life?,"two of the hottest investment theses of the past two years have involvedartificial intelligence(ai) and crypto. so what if there were a way to leverage the enormous growth prospects of both in the form of a cheap, affordable ai crypto token? the good news is that there might be a way to do exactly that.kite(crypto: kite)is a new ai crypto token that has gone absolutely ballistic since launching late last year. it's already up a head-spinning 205% in 2026 (as of march 10), and it now ranks among the top 100 cryptocurrencies in the world with a market value of about $513 million. will ai create the world's first trillionaire?our team just released a report on the one little-known company, called an ""indispensable monopoly"" providing the critical technology nvidia and intel both need.continue » to make a life-changing amount of money, you need to be early. that usually means searching for bargain-priced cryptos trading for $1 or less. those are exactly the types of cryptocurrencies capable of delivering enormous returns. that makes kite's current price of $0.28 very intriguing. bitcoin(crypto: btc)started off as a bargain-priced crypto. the crypto millionaires who made life-changing amounts of money on bitcoin got in early. they bought bitcoin when it was incredibly cheap. back in 2011, for example, bitcoin traded for less than $10. now it's worth $71,000. so, to paraphrase a popular expression, it's better to be early than good. being able to spot an opportunity before everyone else is key. that's why kite is so enticing right now. it started trading in november, and unless you've been actively tracking the ai crypto niche, this might be the first time you've ever heard of it. from my perspective, that's a huge positive. it means investors might still be early. so what is kite, exactly? it's a layer-1 blockchain purpose-created forautonomous ai agents. the blockchain acts as a base layer for these agents to manage, trade, and pay for data and services. as such, kite bills itself as ""the first ai payment blockchain."" sure, maybe the ai agent investment thesis is overhyped right now. but if jensen huang, chief executive officer ofnvidia, is still jazzed about ai agents, then so am i. the future involves ai agents in one form or another. this could be exactly the type of 10-fold or 100-fold investment potential investors need to turbocharge their portfolio returns. at first, let's keep our expectations relatively modest. let's assume that kite begins to rivalbittensoras the top ai crypto by market cap. right now, kite has a $513 million market cap, while bittensor has a $2.2 billion market cap. so kite could conceivably deliver fourfold returns, simply by becoming the ai crypto of choice for risk-tolerant investors. but let's think really big. what if kite eventually becomes not just a top 100 crypto but also a top 10 crypto by market cap? in that case, kite would rival the size ofcardano, a $10 billion crypto behemoth. that implies a 20-fold return on investment. that might be enough. kite won't even need to become the nextethereumor the next bitcoin. as long as it can sidestep all the hidden traps that have tripped up previous ai crypto plays, then it might just become a token that unlocks life-changing wealth. before you buy stock in kite, consider this: themotley fool stock advisoranalyst team just identified what they believe are the10 best stocksfor investors to buy now… and kite wasn’t one of them. the 10 stocks that made the cut could produce monster returns in the coming years. consider whennetflixmade this list on december 17, 2004... if you invested $1,000 at the time of our recommendation,you’d have $530,233!* or whennvidiamade this list on april 15, 2005... if you invested $1,000 at the time of our recommendation,you’d have $1,119,682!* now, it’s worth notingstock advisor’stotal average return is 955% — a market-crushing outperformance compared to 191% for the s&p 500.don't miss the latest top 10 list, available withstock advisor, and join an investing community built by individual investors for individual investors. see the 10 stocks » *stock advisor returns as of march 11, 2026. dominic basultohas positions in bitcoin, cardano, and ethereum. the motley fool has positions in and recommends bitcoin, bittensor, ethereum, and nvidia. the motley fool has adisclosure policy. could buying this ai crypto today set you up for life?was originally published by the motley fool",leadership_change,positive,Yahoo Finance,2026-03-11T08:20:00,https://finance.yahoo.com/news/could-buying-ai-crypto-today-082000128.html
Tankers Avoid Emirati Port as Gulf War Risk Disrupts Oil Exports,"shipping companies have grown reluctant to call at the port of fujairah in the uae, prompting cancellations of oil cargoes that adnoc is then reselling at higher prices, bloomberg hasreported, citing anonymous sources. per the report, nippon yusen kk and an unnamed european shipping company are among those unwilling to send their ships to fujairah, even though the port city is outside the strait of hormuz—but still too close for comfort, it seems. bloomberg noted in its report that fujairah has been targeted several times since the war started, with one of the strikes causing a fire in the city’s oil zone after a missile was intercepted and shrapnel fell in the area. the publication’s sources said the situation had prompted traders to cancel some cargoes out of fujairah and return the oil to adnoc, which then places the cargos on the spot market, where they could fetch a much higher price than the official murban selling price for march, which was $63.99 per barrel.murban crudecurrently trades at over $99 per barrel. related:little-known us company lands important pentagon contract in rare earth race even with the spot market, however, middle eastern oil producers have had to start cutting production as tanker traffic via the strait of hormuz remains largely non-existent. conflicting reports from senior u.s. officials about possible navy escort for oil tankers has only served to deepen already considerable supply uncertainty among traders and analysts. amid these conflicting signals, middle eastern oil states have reduced their combined oil production by as much as 5 million barrels daily, as their storage tanks fill up and there is nowhere to put the oil. even saudi arabia, which has an alternative export route via a pipeline to the red sea coast, was reported to have started ramping down production at two fields earlier this week. in the uae, production has been cut by between 500,000 bpd and 800,000 bpd. by charles kennedy for oilprice.com more top reads from oilprice.com why $100 oil isn’t going to spark a new shale boom the chokepoint economy: what happens when everything breaks at once gulf producers slash oil output by 5 million bpd oilprice intelligencebrings you the signals before they become front-page news. this is the same expert analysis read by veteran traders and political advisors. get it free, twice a week, and you'll always know why the market is moving before everyone else. you get the geopolitical intelligence, the hidden inventory data, and the market whispers that move billions - and we'll send you $389 in premium energy intelligence, on us, just for subscribing. join 400,000+ readers today.get access immediately by clicking here.",product_announcement,negative,Yahoo Finance,2026-03-11T09:30:00,https://finance.yahoo.com/news/tankers-avoid-emirati-port-gulf-093000041.html
Is Sysco Stock Outperforming the S&P 500?,"sysco corporation (syy) is the world’s largest foodservice distribution company, supplying food products, kitchen equipment, and related services to restaurants, hospitals, schools, hotels, and other foodservice establishments. headquartered in houston, texas, the company plays a key role in the global food supply chain by connecting food producers with commercial customers. companies worth $10 billion or more are generally described as “large-cap stocks,” and sysco, valued at $40.6 billion by market cap, fits well into that category. with a large distribution network, long-standing supplier relationships, and a broad customer base, sysco maintains a strong competitive position in the foodservice distribution industry. stock index futures turn lower as bond yields climb 2 ways to profit from a fading tesla stock price cathie wood bets $19 million on 5 beaten-down stocks our exclusive barchart brief newsletter is your free midday guide to what's moving stocks, sectors, and investor sentiment - delivered right when you need the info most. subscribe today! despite its notable strength, syy slipped 8.2% from its 52-week high of $91.85, achieved on feb. 17. over the past three months, syy stock has gained 14.6%, outpacing the s&p 500 index’s ($spx) 1.5% fall. over the past six months, shares of syy rose 5.1%, outperforming spx’s six-month rise of 3.8%. however, syy shares have 9.3% over the past 52 weeks, underperforming spx’s 20.8% over the last year. syy has been trading above its 50-day and 200-day moving averages since january, indicating an uptrend. on feb. 26, sysco announced that its board of directors has declared a quarterly cash dividend of $0.54 per share on the company’s common stock. the dividend will be paid on april 24, 2026, to shareholders who are on record at the close of business on april 2, 2026. the declaration reflects sysco’s continued commitment to returning value to shareholders through regular dividend payments, supported by the company’s stable cash flow and strong position in the foodservice distribution industry. its shares surged 2.3% in the next trading session. sysco’s rival, the andersons, inc. (ande), has taken the lead over the stock, with 66.7% gains over the past six months and an 53.9% rise over the past 52 weeks. the stock has a consensus “moderate buy” rating from the 17 analysts covering it, and the mean price target of $91.93 suggests a potential upside of 9.1% from current price levels. on the date of publication, kritika sarmah did not have (either directly or indirectly) positions in any of the securities mentioned in this article. all information and data in this article is solely for informational purposes. this article was originally published onbarchart.com",earnings,positive,Yahoo Finance,2026-03-11T09:39:13,https://finance.yahoo.com/news/sysco-stock-outperforming-p-500-093913048.html
How Is GE HealthCare Technologies’ Stock Performance Compared to Other Health Tech Stocks?,"chicago, illinois-based ge healthcare technologies inc. (gehc) is a prominent medical technology, pharmaceutical diagnostics, and digital healthcare solutions company. valued at $34.5 billion by market cap, the company offers imaging, ultrasound, maternal, ventilator, and patient monitoring equipment, as well as performance management, cybersecurity, technical training, site planning, integrated asset optimization, and clinical network solutions. companies worth $10 billion or more are generally described as “large-cap stocks,” and gehc perfectly fits that description. its core competencies lie in its leadership in advanced medical imaging technologies, including mri, ct, ultrasound, and x-ray systems, which support accurate diagnostics across multiple clinical areas. the company also excels in integrating medical hardware with ai-driven software, digital health platforms, and data analytics to improve clinical workflows and decision-making. additionally, ge healthcare has strong capabilities in pharmaceutical diagnostics through its production of contrast agents and radiopharmaceuticals used in imaging procedures. stock index futures turn lower as bond yields climb 2 ways to profit from a fading tesla stock price cathie wood bets $19 million on 5 beaten-down stocks tired of missing midday reversals? the free barchart brief newsletter keeps you in the know. sign up now! despite its notable strength, gehc has fallen 19% from its 52-week high of $89.77, achieved on jan. 8. over the past three months, gehc stock has declined 13.9%, underperforming the robo global healthcare technology and innovation etf’s (htec) 5.9% gains during the same time frame. in the longer term, shares of gehc plunged 4.3% over the past six months, underperforming htec’s 10.7% gains over the same period. moreover, the stock dipped 14.8% over the past 52 weeks, underperforming htec’s 19.7% returns over the last year. to confirm the bearish trend, gehc has slipped below its 50-day and 200-day moving averages since the start of this month. on feb. 12, ge healthcare announced a quarterly cash dividend of $0.035 per share of common stock for the first quarter of 2026. the dividend is scheduled to be paid on may 15, 2026, to shareholders who are on record as of april 3, 2026. this announcement reflects the company’s continued commitment to returning capital to shareholders while maintaining financial stability. following the news, investor sentiment improved, and gehc shares rose 2.2% in the subsequent trading session, indicating a positive market response to the dividend declaration and confidence in the company’s financial outlook. in the competitive arena of health tech, koninklijke philips n.v. (phg) has taken the lead over gehc, showing resilience with a 8.2% uptick over the past 52 weeks and 2.4% gains over the past six months. wall street analysts are reasonably bullish on gehc’s prospects. the stock has a consensus “moderate buy” rating from the 20 analysts covering it, and the mean price target of $93.65 suggests a potential upside of 28.8% from current price levels. on the date of publication, kritika sarmah did not have (either directly or indirectly) positions in any of the securities mentioned in this article. all information and data in this article is solely for informational purposes. this article was originally published onbarchart.com",earnings,positive,Yahoo Finance,2026-03-11T09:45:23,https://finance.yahoo.com/news/ge-healthcare-technologies-stock-performance-094523375.html
Is Monolithic Power Systems Stock Outperforming the Dow?,"monolithic power systems, inc. (mpwr) is a washington-based semiconductor company that designs and develops high-performance power management integrated circuits (pmics) used in a wide range of electronic systems. with a market cap of $52.2 billion, the company focuses on delivering efficient power solutions that regulate and convert electricity within electronic devices, helping improve energy efficiency, performance, and thermal management. companies worth $10 billion or more are generally described as “large-cap stocks,” and mpwr perfectly fits that description. the company operates a fabless semiconductor model, designing its chips internally while outsourcing manufacturing to third-party foundries, allowing it to remain asset-light and focus on innovation and rapid product development. the company is known for its highly integrated power solutions that combine multiple functions into a single chip, enhancing efficiency and reliability. with rising demand from ai computing, electric vehicles, and high-performance electronics, mpwr continues to strengthen its position in the power management semiconductor market. stock index futures turn lower as bond yields climb 2 ways to profit from a fading tesla stock price cathie wood bets $19 million on 5 beaten-down stocks stop missing market moves: get the free barchart brief – your midday dose of stock movers, trending sectors, and actionable trade ideas, delivered right to your inbox. sign up now! despite its notable strength, mpwr slipped 16% from its 52-week high of $1,256.22, met recently on feb. 25. over the past three months, mpwr stock has gained 7.8%, outperforming the dow jones industrial average’s ($dowi) marginal decline during the same time frame. in the longer term, shares of mpwr rose 23.5% on a six-month basis and climbed 81.5% over the past 52 weeks, outperforming $dowi’s six-month gains of 4.9% and solid 13.8% returns over the last year. mpwr has been trading above its 200-day moving average since early june 2025, but it has slipped below its 50-day moving average early this month. shares of monolithic power declined 5.4% in afternoon trading on mar. 3, as the semiconductor sector came under pressure following a sell-off in south korea’s stock market. investor concerns over a potential global energy price shock tied to geopolitical tensions involving iran weighed on chip stocks, particularly after fears that rising liquefied natural gas (lng) prices could increase operating costs for major semiconductor manufacturers. mpwr’s top rival, on semiconductor corporation (on), has lagged behind the stock, gaining 34.9% over the past 52 weeks. wall street analysts are highly bullish on mpwr’s prospects. the stock has a consensus “strong buy” rating from the 16 analysts covering it, and the mean price target of $1,330.46 suggests a potential upside of 26% from current price levels. on the date of publication, kritika sarmah did not have (either directly or indirectly) positions in any of the securities mentioned in this article. all information and data in this article is solely for informational purposes. this article was originally published onbarchart.com",earnings,positive,Yahoo Finance,2026-03-11T09:50:03,https://finance.yahoo.com/news/monolithic-power-systems-stock-outperforming-095003440.html
Daily – Vickers Top Insider Picks for 03/12/2026,"oops, something went wrong summary the vickers top insider picks is a daily report that utilizes a proprietary algorithm to identify 25 companies with compelling insider purchase historie exclusive reports, detailed company profiles, and best-in-class trade insights to take your portfolio to the next level analyst report: netflix inc mar 12, 2026 • nflx market digest: nflx, osk, tech, xel mar 12, 2026 • nflx, tech, osk, xel analyst report: standardaero, inc. mar 11, 2026 • saro analyst report: international paper co. mar 11, 2026 • ip market digest: nvs, ip, hpe mar 11, 2026 • ip, nvs, hpe",market_movement,neutral,Yahoo Finance,2026-03-12T10:10:20,https://finance.yahoo.com/research/reports/ARGUS_46400_InsiderActivity_1773310220000?yptr=yahoo&ncid=yahooproperties_plusresear_nm5q6ze1cei
IEA Proposes Oil Stockpile Release to Ease Price Pressure,"(bloomberg) --the international energy agency is proposing a release of emergency oil reserves, according to a person with knowledge of the matter, as governments seek to contain a spike in energy prices driven by the middle east war. it was not immediately clear whether the iea proposal was formal and included specific amounts for member nations. while countries have so far agreed in principle to inject more oil into the market if needed, it is not evident that all believe that the situation is yet urgent enough to make that move. most read from bloomberg greek oil tanker exits strait of hormuz with its signal off trump says us to get new oil refinery with reliance backing trump signals possible end to war, floats removing oil sanctions us didn’t escort tanker through hormuz, refuting wright post us planes fly out of korea as asset redeployment reports grow the person, who asked not to be named because discussions are not public, did not provide a figure. the group of seven nations said on wednesday that they supported, in principle, “proactive measures” including the release of strategic reserves. they did not provide details on the scale of a potential intervention. a meeting of g-7 heads of state on wednesday will discuss the stockpile release, french finance minister roland lescure said separately. “obviously, these stocks are not infinite so it must be done with restraint, and above all in a coordinated way, to send a message of cooperation in the g-7 and more broadly,” he said in a radio interview. iea officials in paris did not immediately respond to a request for comment. a meeting of the the paris-based agency’s governing board is due on wednesday and provides a “crucial opportunity” to assess security of supply and market conditions, the g-7 energy ministers said. the most recent releases of iea oil reserves came in the aftermath of russia’s invasion of ukraine in 2022. the wall street journal reported earlier that this latest move could be more significant, making it the single largest to date. global benchmark brent gave up earlier gains of almost 4% following the report in the journal, before trading around $89 a barrel. a widening war and the near total closure of the strait of hormuz have led to cuts from persian gulf producers that have so far shaved about 6% of global oil output, sending prices of everything from jet fuel to cooking gas soaring across the world. millions of barrels of crude and fuels remain stuck on tankers that can’t cross the narrow strait, where ships have been attacked. the jamming of signals has made it even tougher and unsafe for vessels in the area. the 32 countries that belong to the iea collectively hold at least 1.2 billion barrels of oil in emergency public stores, according to the group, which oversees coordinated stockpile releases. the iea has helped implement five such interventions: in the buildup to the first gulf war, after hurricanes rita and katrina in 2005, following the outbreak of civil war in libya in 2011 and twice in 2022, in response to disruptions connected to the war in ukraine. previous releases from strategic reserves have not always had the desired impact. the two releases in 2022 at first caused oil prices to rise as the markets interpreted them as a sign the crisis was worse than they thought, before eventually helping to bring prices down. --with assistance from stephen stapczynski and william horobin. most read from bloomberg businessweek china’s gen z day traders trust in chatbots and move markets this maker of $4 million sports cars is weighing an ipo how a die-hard libertarian is negotiating lower health-care costs gas prices are rising—and so are the iran war stakes for trump how data centers became a casualty of war ©2026 bloomberg l.p.",regulatory_action,positive,Yahoo Finance,2026-03-11T08:19:00,https://finance.yahoo.com/news/iea-proposes-oil-stockpile-release-081900346.html
"Stock market today: Dow, S&P 500 end lower, oil slides as Wall Street weighs Iran war signals","us stocks ended little changed on tuesday to cap a volatile trading session as investors weighed president trump's hint at aswift end to the iran war, while oil futures trimmed losses. the dow jones industrial average (^dji) and s&p 500 (^gspc) lost earlier gains to close down nearly 0.1% and 0.2%, respectively. the tech-heavy nasdaq composite (^ixic) closed just above the flatline after gaining nearly 1%. west texas intermediate (cl=f) and brent (bz=f) crude futures trimmed losses of as much as 15% after the white house said it had not escorted an oil tanker through the strait of hormuz, a claim energy secretary chris wright made in a social media post that was later deleted. the critical waterway has been at a standstill since the war broke out. on monday, trump said that the us-israel offensive has effectively cut off iran's naval and air capabilities, and that it was ""very far"" ahead of an expected four-to-five week timeline. at the same time, though, israel's leader benjamin netanyahu said the offensive was ""not done yet"" before starting a new wave of strikes on tehran on tuesday. looking ahead, two keyinflation readings are due this week. february’s update on the consumer price index is due wednesday, followed by january’s personal consumption expenditures index on friday. neither report will account for the recent spike in oil prices, which hasshifted the interest rate calculusfor the federal reserve. inupcoming earnings, oracle (orcl) is set to report after the market close on tuesday, while adobe (adbe) is on thursday's docket. shares of oracle (orcl) jumped more than 8% in after-hours trading after the company reported its third quarter earnings. the cloud and infrastructure giant beat expectations on the top and bottom lines for its latest quarter, while raising its 2027 revenue guidance to $90 billion. the announcement comes amid reports that the company has axed plans to expand an ai data center with openai (opai.pvt) and that it’s preparing to cut thousands of jobs. readmore here. us stocks closed mixed on tuesday, paring midday gains as oil prices turned volatile amid the iran war. the dow jones industrial average (^dji) closed slightly lower. the s&p 500 (^gspc) fell nearly 0.2%. the tech-heavy nasdaq composite (^ixic) closed just above the flat line, trimming earlier gains. oil fell as much as 18%, but closed off the lows of the session after the white house confirmed that the us navy had not escorted a tanker out of the strait of hormuz. crude futures had opened sharply lower after president trump hinted the war with iran could be over ""very soon"" yahoo finance's francisco velasquez reports: readmore here. oil futures accelerated losses on tuesday afternoon after energy secretary chris wright said in a social media post that the us navy had escorted a tanker through the strait of hormuz. prices fell further during the session following the post, which was deleted minutes later. futures had already opened sharply lower on tuesday after president trump hinted the war with iran could be over ""very soon."" shipping through the strait of hormuz has been at a near standstill since the conflict broke out on feb. 28. the waterway is a critical chokepoint through which about one-fifth of the world’s oil flows. crude prices have surged as producers in the region have been forced to curb output due to a lack of storage capacity. us-listed shares of the chinese electric vehicle maker nio (nio) jumped 12% in afternoon trading and weretrending on yahoo financeafter the company reported its first net profit in the fourth quarter. nio reported record revenue of 34.6 billion chinese yuan (approximately $5 billion), compared to the 33.2 billion yuan estimated, on strong demand for its premium suv. quarterly profits of $0.05 per share missed estimates by $0.01, according to s&p global market intelligence, but reached an important profitability milestone. gross margins of 17.5% also accelerated from 11.7% in fourth quarter of last year, while operating expenses in research and development declined. vehicle deliveries of 124,807 increased by 71.7% from the fourth quarter of 2024. read more live coverage of corporate earnings> nvidia (nvda) stock rose 1.6% in midday trading on tuesday after the company announceda partnershipwith thinking machines lab to provide the ai research company with 1 gigawatt's worth of its next-generation vera rubin chips. yahoo finance'sdaniel howleyreports on the details of the deal: read more here. tech is back in charge for a second straight day after trump’s late-monday post signaling the war may be almost over helped flip the market back into risk-on mode. the big tell is the s&p 500 (^gspc) reclaiming 6,800 — the old line in the sand that briefly gave way during the sell-off. now the setup is pretty simple: if the index can string together a couple of closes back above that level, last week's price action starts to look like afalse breakdowninstead of something more serious. under the hood, it’s the old leaders doing the lifting again. chips are out front, and the nasdaq composite (^ixic) is still holding the bottom end of its six-month range near 22,000 on a closing basis. you can see the same message elsewhere. bitcoin (btc-usd) is back above $70,000 as micro-caps (iwc) and small-caps (^rut,^sp600) are beating the majors. the one glaring weak spot is software, with the ishares expanded tech-software etf (igv) down about 2%. but even that feels like a return to the usual market script, where chips and hardware lead and software trails. as yahoo finance head of news myles udland said on this morning'smorning brief live show, “the stocks that have been leading were the leaders [monday] — a return to form, some might say.” holding above 6,800 in the s&p 500 suggests the return to old leadership has some staying power. lose that level again on a close, and the false-breakdown idea fades. the group of seven nations hasasked the international energy agency to preparefor potential releases from the strategic petroleum reserves (sprs) of g7 member countries, sending oil prices tumbling further. in comments reported by bloomberg, french finance minister roland lescure said the g7 countries want to be ready to release barrels from their sprs and that the bloc had asked the iea to study how much in volume could be added to the market. oil prices fell on the news. international benchmark brent (bz=f) and us benchmark west texas intermediate (wti) crude (cl=f) were both down roughly 29% from their highs of $119 on sunday after the g7 news. in a statement after the g7 meeting, iea executive director fatih birol said the iea's member governments will “assess the current security of supply and market conditions to inform a subsequent decision on whether to make emergency stocks of iea countries available."" the iea oversees the use of reserves held by the organization for economic cooperation and development, a group of nearly 40 advanced economies globally. oecd stores are commonly used as a benchmark for global reserves of oil. in only six trading days, wti crude futures (cl=f) surged roughly 80% at monday’s peak, while the popular oil etfusojumped more than 50%. it was one of the wildest oil swings in years, with both wti and brent (bz=f) nearing $120 before reversing sharply. for the fast-money crowd baptized during the pandemic, chasing momentum has often paid. but oil is a very different market, and it is extremely unlikely to reward that kind of behavior here, whether the middle east conflict is resolved today or drags on for months. i feel compelled to flag that, given the recent options tape in uso, which shows days when options volume is nearly 10 times the year-to-date average. commodities like oil and gold can trend for long stretches, and some legendary macro traders (likepaul tudor jones) built careers riding those moves. but parabolic spikes usually do not last. see this chart of wti crude oil, going back to the beginning of this century, which shows net chopiness, punctuated by flashy rallies and quick declines. monday’s roughly 30% surge, followed by a 20% drop within hours, was a reminder of how quickly reversals can hit. there’s also a structural catch with uso that longer-term investors should understand. it typically tracksfront-month oil futures, which means performance is shaped not just by the price of crude but by the monthly roll from one futures contract to the next. over time, that roll can create drag when oil is merely flat or choppy. put simply, oil may be exciting right now, but it is not a market to chase. home sales improved in february, a sign that lower mortgage rates are bringing some buyers off the sidelines, even as overall demand remains muted. yahoo finance'sclaire bostonreports: read more here. us stocks diverged on tuesday as investors weighed president trump's comments about the iran war nearing an end against remarks from defense secretary hegseth that the most intense barrage of strikes yet would occur on tuesday the dow jones industrial average (^dji) and s&p 500 (^gspc) lost roughly 0.1% and 0.2%, respectively, in the minutes after the opening bell. moving in the other direction, the tech-heavy nasdaq composite (^ixic) picked up roughly 0.1%. markets have soured on potential deescalation after reports that an oil tanker has exploded near abu dhabi. oil pricesfelllate monday after trump said the us offensive in iran was ""very complete, pretty much,"" remaining in the red by roughly 6%. on the calendar, investors will get the february consumer price index on wednesday, followed by january’s personal consumption expenditures index on friday. oracle (orcl) is scheduled to report after the market close on tuesday, while adobe (adbe) is on thursday's docket. investors are misreading how the federal reserve is likely to react to heightened oil prices, bank of america economist aditya bhave said in a note published tuesday morning. the iran warhas scrambled the fed's rate calculus, with most observers suggesting that rising oil prices will push the fed to be more hawkish. rising energy costs, if sustained, put upward pressure on headline inflation. as inflation rises, the thinking goes, the fed will be less likely to cut rates, fearing that it would risk overheating the economy. instead, bhave said, ""supply shocks create risks to both sides of the fed's dual mandate."" instead, bhave wrote, ""context matters. compared to 2022, the labor market isn't as hot, inflation isn't as high, and fiscal support isn't as large."" bhave noted that since the conflict began, the yield on two-year treasurys — often taken as a read on expectations for the federal reserve’s policy rate over roughly the next two years — has largely tracked oil prices. ""this could be a mistake,"" bhave wrote, arguing that a supply shock ""fattens the tails"" of policy distribution and puts larger risks on both hikes and cuts. ""when russia invaded ukraine, the u-rate was below 4%, core pce inflation was over 5%, payrolls were running at 500k/month and consumers were flush with covid stimulus cash,"" bhave said. ""by contrast, we now have a soft labor market, moderately elevated inflation and more modest fiscal support. this sets us up for a more dovish fed response if the oil shock is persistent."" exxon (xom) ceo darren woods to me (by phone)_ on the current situation in the oil industry: ""obviously, the middle east is a concentrated source of supply through the strait of hormuz, a narrow passage that much of the world supply has to travel through, and we're seeing that play out here in real time. from a company standpoint, obviously, we're very focused on making sure that the people that we have over there operating the jvs [joint ventures] in the different countries have been safely evacuated, and making sure that remains the case that our people are safe.and then i think more broadly, just with our operations around the world, everyone will be impacted. the markets are global. prices are connected.through that global marketplace, we're making sure that we're doing the work and have a diversified set of supply sources so that we can keep our operations up and running and continue to meet the demand of basically all the communities that we operate in."" biontech (bntx) said on tuesday that its two founders, ugur sahin and özlem türeci, are leaving the company at the end of the year to start a new mrna-focused biotech company. shares of biontech plunged 18% on the news, alongsidea bigger-than-expected loss per sharefor 2025. the yet unnamed company is sahin and türeci's third business. biontech said it will contribute some rights to its messenger rna technology to the new company in exchange for a minority stake. bloomberg reports: read more here. global equity indexes rebounded on tuesday as crude oil prices fell amid hopes of deescalation in the middle east after president trump suggested the war with iran could end soon. in europe, london’s benchmark index (^ftse) rose 1.2%, germany's dax (dax) gained 1.8%, the cac (^fchi) in paris added 1.1%, while the pan-european stoxx 600 (^stoxx) climbed 1.4%. gains picked up in asia as well. korea's kospi index (^ks11) jumped 5%, while japan's nikkei 225 (^n225) gained 2.8% and the hang seng (^hsi) index in china rose 2.1%. however, us stock futures were more subdued in early morning trading. futures on the dow jones industrial average (ym=f), s&p 500 (es=f), and the nasdaq 100 (nq=f) turned red about an hour before the us markets open. oil prices remained in the red through early tuesday morning after comments from president trump on monday evening suggesting that the war could soon come to an end. futures on international benchmark brent (bz=f) and us benchmark west texas intermediate (wti) crude (cl=f) traded at roughly $87.90 per barrel and $89 per barrel, respectively, after the two products opened above $100 sunday evening and popped to roughly $119, each. in comments to cbs news, trump said that he believes the war is ""very complete, pretty much"" and that the us is “very far” ahead of his estimated timeline. that said, in comments to house republicans at a press conference monday evening, the president said the us hasn't ""won enough"" and that he ""will not allow a terrorist regime to hold the world hostage and attempt to stop the globe's oil supply."" the president's mixed comments underscored a conundrum for markets: trump is signaling a near end to conflict, but his rhetoric alone won't reopen the critical strait of hormuz, which remains essentially closed (though data shows very small amounts of crossings may have resumed). underscoring the precarity of the situation, saudi aramco ceo amin nasser said in comments on the company's earnings call this morning that the iran war is ""the biggest crisis the region’s oil and gas industry has faced."" if the strait is not reopened soon, he said, the consequences will be ""catastrophic"" for the global economy. iran's effective blockade on oil shipping through the vital strait of hormuz is under the microscope after president trump said the us and israel were making significant progress in their war on iran and could end the conflict “very soon,” curtailing an oil-price surge. from bloomberg: read more here. strategy (mstr)stock rose 3% before the bell on tuesday, following a move in bitcoin (btc-usd). the world's largest cryptocurrency jumped 4% today on news that the conflict between us-israeli forces and iran had eased. strategy is one of the largest corporate holders of bitcoin. oracle (orcl)stock rose 2% during premarket hours on tuesday. the company will release its fourth quarter earnings after the bell today amid news that it has stopped plans to expand an ai data center with openai (opai.pvt), and will alsocutthousands of jobs. vertex pharmaceuticals (vrtx)stock rose 4% before the bell today afterannouncingthat one its drugs, which treats a rare kidney disease, has met its key objective in a late-stage trial. hewlett packard enterprise (hpe) beat wall street's second quarter revenue estimates when it reported earnings on monday afternoon, citing the ai infrastructure boom driving demand for the company's servers. the tech pioneer also raised its fiscal ‌2026 adjusted earnings per share forecast to $2.30-$2.50, higher than the expected $2.25-$2.45. ""demand for our products and solutions was strong, ⁠with orders increasing double digits year over year across all segments,"" ceo antonio neri said. hewlett packard enterprise stock rose around 3% in premarket trading on tuesday. reutersreports: read more here.",earnings,negative,Yahoo Finance,2026-03-10T20:03:45,https://finance.yahoo.com/news/live/stock-market-today-dow-sp-500-end-lower-oil-slides-as-wall-street-weighs-iran-war-signals-200022720.html
HP Inc. Stock: Is HPQ Underperforming the Technology Sector?,"palo alto, california-based hp inc. (hpq) is a prominent technology company that develops and sells personal computing devices, printers, and related hardware, software, and services for consumers, businesses, and enterprises. with a market cap of $17.3 billion, the company offers products including laser and inkjet printers, scanners, copiers and faxes, personal computers, workstations, storage solutions, and computing and printing systems. companies worth $10 billion or more are generally described as “large-cap stocks,” and hpq perfectly fits that description, with its market cap exceeding this mark, underscoring its size, influence, and dominance within the computer hardware industry. with a strong global distribution network and a large installed base of devices, hp inc. maintains a significant presence in the pc and printing markets. stock index futures turn lower as bond yields climb 2 ways to profit from a fading tesla stock price cathie wood bets $19 million on 5 beaten-down stocks stop missing market moves: get the free barchart brief – your midday dose of stock movers, trending sectors, and actionable trade ideas, delivered right to your inbox. sign up now! however, hpq has faced challenges and has slipped 37.1% from its 52-week high of $29.89. over the past three months, hpq stock has declined 26.3%, underperforming the state street technology select sector spdr fund’s (xlk) 6% decline during the same period. shares of hpq plunged 33.8% on a six-month basis and dipped 37.3% over the past 52 weeks, underperforming xlk’s six-month gains of 3.5% and 33.6% returns over the last year. to confirm the bearish trend, hpq has been trading below its 50-day and 200-day moving averages since late october. on feb. 24, hp released its fiscal 2026 first-quarter earnings and its shares dipped marginally. the company posted revenue of $14.4 billion, up 6.9% year over year, supported by strong demand in its personal systems segment. adjusted earnings reached $0.81 per share, surpassing analysts’ expectations. during the quarter, the company continued to return capital to shareholders through $0.30 per share in dividends and $325 million in share repurchases. however, higher memory costs and a cautious forward outlook weighed on investor sentiment, raising concerns about potential margin pressure in the quarters ahead. in the competitive arena of computer hardware, dell technologies inc. (dell) has taken the lead over hpq, showing resilience with a 15.6% uptick over the past six months and solid 59.2% gains over the past 52 weeks. wall street analysts are bearish on hpq’s prospects. the stock has a consensus “moderate sell” rating from the 15 analysts covering it. the mean price target of $20.74 implies an upswing potential of 10.4% from the current market prices. on the date of publication, kritika sarmah did not have (either directly or indirectly) positions in any of the securities mentioned in this article. all information and data in this article is solely for informational purposes. this article was originally published onbarchart.com",earnings,positive,Yahoo Finance,2026-03-11T09:54:07,https://finance.yahoo.com/news/hp-inc-stock-hpq-underperforming-095407287.html
"What is a multi-year guaranteed annuity (MYGA), and how does it work?","some offers on this page are from advertisers who pay us, which may affect which products we write about, but not our recommendations. see ouradvertiser disclosure. over the past year, interest rates have steadily declined, prompting savers to search for high-interest savings vehicles that protect their money from market risk. while high-yield savings accounts andcertificates of depositcontinue to be popular options, they’re not the only way to secure a competitive return. multi-year guaranteed annuities have been gaining attention as an alternative that can offer competitive yields and predictable growth. learn more about how these products work and whether they’re right for you. a multi-year guaranteed annuity, often referred to as a “myga,” is a fixed annuity offered by insurance companies. investors deposit money into a myga and earn a fixed rate for the duration of the term. mygas are often compared tocertificates of deposit(cds) because both lock in a rate for a fixed term. however, it’s important to understand that mygas are contracts with insurance companies, not bank accounts. here’s how it works: you deposit a lump sum with the insurance company, and in return, you earn a fixed interest rate for the entire contract term — also known as the “accumulation phase.” this typically lasts three to 10 years. taxes on accrued interest are deferred until you make a withdrawal, allowing your returns to compound faster than a traditional deposit account. however, withdrawals are usually limited during the accumulation period; most mygas allow you to withdraw a small portion each year (around 10% of the balance) without penalty, but larger withdrawals may trigger surrender charges. when the contract term ends, you can generally withdraw the funds, roll them into another annuity, or convert the balance into a stream of income payments. keep in mind, however, that withdrawing money from an annuity can result in tax penalties if you are under the age of 59½. note that annuities are not backed by the fdic like other savings vehicles, but they are guaranteed by the insurer. today’s best myga rates can be pretty attractive, especially when compared to cds and similar time deposit accounts. longer contracts sometimes offer higher yields, with some products advertising rates above 7% for 10-year terms, though these often come from insurers with lower financial-strength ratings. because rates and financial ratings vary widely across providers, it’s important to compare multiple insurers and contract terms before choosing a policy. opening a myga is fairly straightforward. typically, it involves some comparison research across insurance providers to find the best rate and term. be sure to consider the insurer’s credit rating when comparing mygas, which can tell you a bit more about the company’s customer experience, financial stability, and trustworthiness. read more:is your bank financially sound? here's how to find out. once you’ve selected a myga, you’ll need to submit an application online or with a licensed insurance agent. once you’re approved, you’ll fund your myga by transferring pre-tax dollars from a tax-advantaged retirement account (known as qualified funds) or after-tax dollars from a bank account or other personal funds (known as non-qualified funds). the minimum amount needed to open a myga typically starts around $5,000, but can be as high as $50,000 to $100,000 or even more in some cases. the money in your myga will compound for the duration of the term; when you near the end of the term, you can choose to receive a payout, roll your money into a new annuity, or opt into income annuity payments. remember: making an early withdrawal may result in a surrender charge equal to a percentage of your account’s value. there are a few pros and cons of multi-year guaranteed annuities to consider when deciding whether these investments make sense for you. the predictability of earning a fixed interest rate can be attractive for investors who want to protect their savings from market volatility. mygas can also offer higher rates than traditional deposit accounts, plus tax-deferred growth. on the flip side, money held in an myga is not federally insured. it is guaranteed by the issuing insurance company, which can provide some peace of mind. but you could still end up losing your money if the insurance company goes under. other potential downsides include tax penalties for early withdrawals, limited access to your funds during the term, and the risk of risinginflationimpacting your money’s purchasing power over time. read more:how inflation affects savings: here's the interest rate you need to beat deciding whether a myga is right for you will require you to make key considerations about your risk tolerance, investment goals, and savings timeline. mygas can offer predictable growth for a set period of time without risking your money in the market. for investors with a low risk tolerance, this can be a smart move, especially if you’re investing for the long-term and want to pad your income stream later in life. however, if you’re an investor with an appetite for risk and you don’t mind exposing yourself to market swings for a bigger payoff, you might consider other investment options. for those approaching retirement, ""safe"" investments like cds or annuities can be appealing, but there are key differences you should know. typically, money market account interest is compounded daily and added to your account monthly. learn more about how to maximize your money market account earnings. if you think a cd could help you meet your retirement savings goals, an ira cd might be a good fit. here’s a closer look at what an ira cd is and how it works. a jumbo mma may pay a higher interest rate in exchange for a higher balance. so where can you find the best jumbo money market rates? and are they worth it? when you’re mapping out your retirement strategy, make sure it includes a certificate of deposit. a retirement cd has a lot of advantages, like guaranteed income, that can strengthen a retirement portfolio. can you lose money in a money market account? maybe. money market accounts are protected against market risk, but fees and inflation could cause your account to lose value over time. learn more.",earnings,positive,Yahoo Finance,2026-03-11T14:41:59,https://finance.yahoo.com/personal-finance/banking/article/what-is-a-multi-year-guaranteed-annuity-myga-144159395.html
Gold IRA vs. physical gold: Which is the better investment?,"some offers on this page are from advertisers who pay us, which may affect which products we write about, but not our recommendations. see ouradvertiser disclosure. investors can invest in gold (gc=f) in two ways: buying physical metal or holding it inside a retirement account, known as a gold ira. understanding how these options differ in liquidity, tax treatment, and storage helps investors decide which approach fits their goals. investors today typically gain exposure to gold in two ways: holding gold inside a gold ira or buying physical gold directly from a dealer. the difference isn’t the metal itself. it’s how the investment works. a gold ira and physical gold differ in liquidity, tax treatment, storage, and fees. a gold ira allows investors to hold physical precious metals alongside or instead of traditional investments such as stocks, bonds, and mutual funds. the metals must meet purity standards established by the internal revenue service (irs). gold held in an ira must be at least 99.5% pure. to open a gold ira, investors usually work with a custodian that specializes in retirement accounts holding alternative assets. after funding the account — often by rolling money over from another retirement plan — the investor chooses approved gold coins or bars. the gold is then stored in a secure vault that meets irs rules. investors own the metal through the retirement account, but the gold must stay in the approved storage facility while it remains inside the ira. gold ira pros tax advantages of a traditional retirement account professional storage and security diversification of a broad portfolio gold ira cons higher administrative and storage fees limited access concentration risk if heavily allocated “ira trustees or custodians must hold the assets of the ira.” — irs, publication 590-a physical gold refers to coins or bars produced by government mints or private refiners.investors in goldcan buy it through dealers, brokerage firms, or online marketplaces. gold’s value is based on the “spot price” — the real-time market price at which a commodity can be bought or sold for near-immediate settlement. dealers typically add a markup when selling gold and may offer slightly less than the market price when they buy it back. related:how much gold does $1 million buy? ownership is direct. investors can store the metal at home, in a safe deposit box, or in a private vault. because investors hold the metal themselves, they’re responsible for security and insurance. physical gold pros retirement account rules don’t apply personal and immediate access direct ownership of a tangible asset physical gold cons profits taxed as collectibles storage and security responsibility dealer markups and buyback discounts related:what to know before buying gold, silver, or platinum from costco physical gold doesn’t decay. it doesn’t disintegrate or degrade over time. most of the gold ever mined still exists today in some form — more than 200,000 metric tons. but if the entire global supply were spread over a standard american football field, gold would form a solid layer the height of a typical kitchen countertop. because global mining adds only about 1% to 2% each year, the total supply remains surprisingly limited. read more:what would happen if all the gold in the world was sold tomorrow? scarcity and durability help explain gold’s long role as a store of value in international trade. many investors see it as more than a luxury or consumable commodity. in modern markets, gold is often treated as a financial hedge. central banks around the world still hold thousands of tons of gold as part of their official reserves. during periods of financial stress, investors often look for assets that aren’t tied to corporate earnings or government debt. gold has historically filled that role. the metal doesn’t produce income like stocks or bonds, but it has often held its value against inflation, weak currencies, or geopolitical tensions. liquidity refers to how quickly an investment can be converted into cash. both gold in a retirement account and physical gold can be sold, but the process works differently. selling gold inside an ira can take longer. because the metal is stored in an approved vault and held through a custodian, transactions usually go through an account administrator. investors may need to instruct the custodian to sell the gold or transfer it on their behalf before receiving cash from the account. physical gold can be sold directly to dealers, coin shops, or online marketplaces. because gold is traded globally, buyers are usually available. however, investors rarely receive the full market price when selling. dealers typically sell gold at a markup and buy it back at a lower price. in practice, both options are generally liquid, but a gold ira follows established retirement account procedures and timelines while physical gold may offer faster access to cash. in the u.s., gold held inside a traditional ira follows the same tax rules as other traditional retirement account assets. investors typically don’t pay taxes on gains while the gold remains in the account. instead, taxes are paid when gold is converted to cash and withdrawn, usually during retirement. the irs treats physical gold as a collectible for tax-reporting purposes. when investors sell gold, the profit may be taxed at a higher rate than many other long-term investments. some investors choose a gold ira to hold precious metals in a tax-advantaged retirement account alongside other long-term investments. others prefer the control that comes with owning physical gold directly. a gold ira is a self-directed ira designed for gold and other precious metals. learn the differences between it and traditional iras, tax implications, pros and cons, and alternatives. gold just hit $5,300 — but selling could cost you. learn how the irs taxes physical gold, etfs, and mining stocks, plus smart strategies to legally reduce your tax bill. learn how to invest in gold by considering gold's strengths, historic behavior, and the pros and cons of physical gold versus gold mining stocks and etfs. learn how gold coins, bars, and bullion are divided in a divorce, including how marital property laws apply and what tax implications to consider. diy gold storage can leave you at risk of theft or losses. learn the truth behind some common gold storage myths. learn the key differences between traditional and roth iras, plus the factors to consider when choosing between these tax-advantaged retirement accounts.",earnings,negative,Yahoo Finance,2026-03-10T22:46:54,https://finance.yahoo.com/personal-finance/investing/article/gold-ira-vs-physical-gold-224654072.html
Daily – Vickers Top Buyers & Sellers for 03/12/2026,"oops, something went wrong summary the vickers top buyers & sellers is a daily report that identifies the five companies the largest insider purchase transactions based on the dollar value of the transactions as well as the five companies the largest exclusive reports, detailed company profiles, and best-in-class trade insights to take your portfolio to the next level daily – vickers top insider picks for 03/12/2026 mar 12, 2026 • caba, skwd, trin, ffin, alt, entx, abtc, tbbk, gaia, gef-b, spmc, fblg, pfx, elut, hypd, zbio, avbc, blco, tslx, blin, ssp, pcf, apcx, irix, ral daily – vickers top buyers & sellers for 03/11/2026 mar 11, 2026 • evr, st, ssp, semr, fang, wdc, aosl, lee, hth daily – vickers top insider picks for 03/11/2026 mar 11, 2026 • caba, skwd, ffin, alt, entx, abtc, tbbk, gaia, gef-b, spmc, fblg, rnxt, pfx, elut, zbio, hypd, blco, tslx, pmn, blin, ssp, pcf, apcx, irix, ral ttd: raising target price to $26.00 mar 11, 2026 • ttd celh: lowering target price to $43.00 mar 11, 2026 • celh",market_movement,neutral,Yahoo Finance,2026-03-12T10:10:20,https://finance.yahoo.com/research/reports/ARGUS_46401_TopBottomInsiderActivity_1773310220000?yptr=yahoo&ncid=yahooproperties_plusresear_nm5q6ze1cei
AI is reshaping 2025 taxes: 3 risks to know before you file,"as americans prepare to file their 2025 taxes, expectartificial intelligence(ai) to play a bigger role. “ai has expanded from solely being a backend tool used within tax platforms to now serving as a front-facing ‘tax assistant’ that millions of taxpayers interact with directly,” said eric croak, cfp and president at ohio-based croak capital, via email. “these ai capabilities can automatically categorize deductions, identify missing forms, and even recommend potential credits you may have forgotten about.” however, with these ai-driven enhancements come new risks and considerations for taxpayers. from filing accuracy to algorithm audits and even scams, here are the major challenges to watch out for. look out for additional scrutiny on income by the internal revenue service (irs), potential inaccuracies with the one big beautiful bill (obbb) law changes, and an increase in deepfake scams. updates to the discriminant information function (dif) — a system the irs uses to decide which tax returns to audit — make it easier to spot and flag income differences in real time. with ai and data-matching tools, the irs can compare reported income with: w-2s: used for earnings form 1099-da: used for cryptocurrency income form 1099-k: used for income from payment apps, like venmo or paypal instead of manual reviews, the irs uses ai to cross-check your reported income against your digital footprint, drawing on data from banks, public records, and even social media to see if your lifestyle matches your tax return. while many of these measures target high earners and large corporations, they can trigger more irs notices than before. read more:americans are using ai for financial advice more than you think sometimes ai can get it wrong, especially for complicated tax scenarios. “ai tax platforms can sound incredibly authoritative while being completely wrong,” said croak. “if your tax situation involves anything more complicated than a w-2, i’d double-check any ai ‘recommendations,' specifically around multi-state income, roth conversions, or crypto staking rewards.” accuracy is especially critical for the 2025 tax season, which introduced two major tax provisions from the obbb law — no tax on tips and no tax on overtime. relying completely on ai to file your taxes could result in penalties for misapplying credits or deducting more than you should. scammers are increasingly using generative ai to facilitate fraudulent transactions or access sensitive data. while email and sms phishing aren’t new, they’re becoming more sophisticated, utilizing ai to create convincing tax-related content. scammers also use voice cloning and ai-generated videos to impersonate accountants or even irs representatives, or create fraudulent irs or tax software websites. these cyber threats may claim that the filer has not paid their taxes and that they face legal or financial ramifications if payment is not made immediately. others may ask you to visit a website, which could then access your personal information and steal your identity. while ai may bring risks to the 2025 tax season, there are steps you can take to ensure your return is accurate and protected. thoroughly document additional income:for example, on a 1099-k, a gift or reimbursement can be mislabeled as income, which can flag a discrepancy. keep statements from third-party apps like venmo or paypal and ensure the transactions are categorized appropriately. lean on professionals for complex tax situations:trust the advice of a certified public accountant (cpa) or other tax professional for complicated returns or for applying the new obbb deductions. you can also explore theirs interactive tax assistant for authoritative and accurate on-demand help. keep your information private:never respond to text messages, emails, or phone calls from entities asking for money or personal information, even if they claim to be the irs. go directly toirs.govif you have questions — you can even set up an identity protection pin for additional security. add direct deposit info for faster refunds: to help combat fraud and payment errors, the irs is phasing out paper checks altogether. without up-to-date bank account information, your refund could be delayed by at least six weeks. you can use ai to help you file your taxes. many experts suggest using it as an assistant to help organize documents or answer commonly asked tax questions. but ai is not 100% accurate. there are risks if you fully rely on it to file, especially given the new provisions in the obbb law. while using ai to file your taxes doesn’t trigger an audit, it can increase your chances if it results in errors, underreporting, or deductions you’re ineligible to receive. the irs looks for anomalies and income mismatches, among other factors, to decide whether an audit is warranted. yes, the irs is increasingly using ai to analyze tax returns and close the significant tax gap between what’s owed and what’s paid. recent updates to the irs’s technology make it easier to compare reported income with data from third parties (such as venmo, paypal, banks, and e-commerce websites) to quickly flag discrepancies or lifestyle mismatches. learn how tax tools use ai to scan documents, flag deductions, and model refunds — and where privacy risks and human oversight still matter. will you get a bigger tax refund this year? here’s what to know before you file. the obbba and other policy changes could help you save money on your federal taxes. new tax provisions under the obbba can lower your taxable income and possibly boost your refund. here are the four major tax breaks to look for as you file your taxes. recent tax law changes are closing the gap between the federal income tax on paychecks versus investments — and in some cases, the paycheck wins out. here's why. an early read on the 2026 filing season shows the average tax refund is $3,742, up more than 10% from last year. here's why that's not good news for taxpayers.",earnings,positive,Yahoo Finance,2026-03-10T12:00:00,https://finance.yahoo.com/personal-finance/taxes/article/ai-is-reshaping-2025-taxes-3-risks-to-know-before-you-file-120000919.html
Investments vs. your paycheck: Why take-home pay wins for workers this tax season,"for decades, the smart money was in the market. capital gains were simply a more tax-efficient income. but this tax season, your w-2 could garner more tax savings than your dividends. recent tax law changes are closing the gap between the federal income tax on paychecks versus investments — and in some cases, the paycheck wins out. here’s why. the one big beautiful bill act (obbba) brings significant changes to tax laws that reward workers, while federal tax rates for investors remain largely unchanged. new deductions for non-exempt workers mean more of their hard-earned money can be income-tax-free. no tax on overtime:individual filers can deduct up to $12,500 of the overtime premium — that’s the “half” portion of “time and a half.” no tax on tips:service workers can deduct up to $25,000 in qualified tips. however, “no tax” means noincometax, not tax-free, said greg monaco, cpa and founder of new jersey-based monaco cpa. “fica still applies to wages, tips, and overtime,” monaco said. “also, some states haven’t adopted these provisions — a worker could owe zero federal tax on overtime but still face a 6% to 10% state income tax.” both deductions also have phase-outs for those with a modified adjusted gross income (agi) over $150,000 ($300,000 for joint filers). but for eligible workers, earnings that would’ve been taxed at the marginal tax rate in 2024 are effectively taxed at 0% for tax year 2025. read more:4 ways the one big beautiful bill act could lower your tax bill it’s typical for the standard deduction to receive an annual inflation adjustment. however, in 2025, that increase was supercharged. for the 2025 tax season, single filers can claim a $15,750 standard deduction, up from $14,600 for 2024. that’s an additional $1,150 with a 0% income tax rate. and if you’re age 65 or older, you can deduct an extra $6,000 on top of the standard deduction. this boost phases out for a modified agi over $75,000 ($150,000 for joint filers). learn more:standard deduction vs. itemizing: which is right for you? the child tax credit (ctc) lowers the tax bill for families with qualified children under age 17. in 2024, eligible households could claim up to $2,000 per child. this increased to $2,200 for 2025. there’s also an extra bump for workers. the additional child tax credit (actc), the refundable portion of the ctc, allows families with at least $2,500 in earned income to claim up to $1,700 of the credit as a refund. learn more:everything you need to know about the child tax credit workers have new tax shields, while investors were largely left with the status quo. capital gains tax brackets remain the same at 0%, 15%, or 20%. the income thresholds increased slightly for inflation, but the adjustments are no comparison to the tax breaks for workers. to illustrate the magnitude of this change, monaco compares a service worker earning $65,000 from base wages, qualified tips, and overtime to a filer with long-term capital gains at a similar income. “after obbb deductions, the worker’s next dollar of income is taxed at just 10 to 12% compared to the investor who pays a 15% rate on each extra dollar,” monaco said. “this is a historic change: ordinary earned income is now taxed at a lower marginal rate than long-term capital gains.” and there’s still the surtax on investment income. high earners can still be hit with the 3.8% net investment income tax (niit) on their investment income or the amount above the income threshold, which is $200,000 for individual filers. here’s an example of how the federal income tax can be higher on investment income than earnings for a single filer earning less than $150,000 in modified adjusted gross income. the 2025 tax changes offer opportunities for significant savings if you qualify. but because 2025 was a transition year, you’ll have to be your own advocate. here’s how to ensure you get the tax break you deserve. double-check your w-2s:look for your income from overtime (box 1) or tips (box 14) for 2025. if your employer didn’t break out those amounts, grab your pay stubs for the amount you can deduct. complete the newirs schedule 1-a:this is the form needed to claim the new overtime and tip deductions. you can find it directly on the irs website or by using online tax software. consider the help of a professional:the obbb law added layers of complexity, including determining who qualifies, when it phases out, and even how to calculate the eligible amount. a tax professional can help you make sense of it all and avoid errors. learn more:free tax filing: how to file your 2025 taxes for free paychecks are taxed as ordinary income, with rates between 10% and 37%. long-term investments (held at least a year) are taxed at the capital gains rates, either 0%, 15%, or 20%, depending on your income. however, new deductions for workers could leave their effective federal income tax rate lower than that of investors. the tax rate on investments isn’t always higher, but the taxable amount often is. for example, a worker can earn $5,000 in tips and take home more after the federal income tax than an investor who received $5,000 in dividends. however, fica and state income taxes may still apply to paychecks. the one big beautiful bill act increased the standard deduction, which means more of your earnings could be free from federal income tax. hourly workers and those who receive tips have additional deductions that can further lower their taxable income. taxes on investments remained largely unchanged by the new law. new tax provisions under the obbba can lower your taxable income and possibly boost your refund. here are the four major tax breaks to look for as you file your taxes. the obbba and other policy changes could help you save money on your federal taxes. no tax on overtime is a new tax deduction that allows some taxpayers to deduct a portion of their income above their regular paycheck. most taxpayers struggle with this choice every tax season: take the standard deduction or itemize? we explain the differences and help you decide when to itemize. will you get a bigger tax refund this year? here’s what to know before you file. ""no tax on tips"" isn’t as simple as it sounds. learn how the new deduction works, who qualifies, and how it affects your 2025 taxes.",earnings,positive,Yahoo Finance,2026-03-11T17:56:05,https://finance.yahoo.com/personal-finance/taxes/article/investments-vs-your-paycheck-why-take-home-pay-wins-for-workers-this-tax-season-175605269.html
What is a brokered CD?,"some offers on this page are from advertisers who pay us, which may affect which products we write about, but not our recommendations. see ouradvertiser disclosure. if you're looking for the highest rate on acertificate of deposit(cd), you might have to look beyond your bank. for higher yields and much longer maturity periods — sometimes as long as 30 years or more — consider buying a brokered cd. just keep in mind that brokered cds are more complex and risky than traditional cds. further, market conditions play a huge role in what's available. here's what you need to know about brokered cds and whether they make sense for you. like traditional cds, brokered cds provide a fixed rate of interest for a set period of time. unlike traditional cds, however, you have to purchase these accounts through brokerage firms or from individual brokers. brokers purchase cds from banks and make them available to investors through their platforms, much like stocks or bonds. the main benefit of using brokered cds is the potential to earn a higher interest rate than you could with regular cds. you can also sell brokered cds before they reach maturity without incurring anearly withdrawal penalty. however, brokered cds are riskier than traditional cds, in part because some brokers are not licensed or certified. brokered cds are also more complex and have more fees, so it's easier to lose out on their full earning potential. if you sell your brokered cd, for example, you might end up taking a loss since the market value of brokered cds fluctuates. in addition, you pay a ""markup"" fee to the broker when you sell. while cd brokers tend to offer higher rates and longer terms than banks, market conditions can change what they offer. currently, most brokerage firms offer up to 4% at best, and terms under 10 years, similar to traditional cds. for brokered cds with higher yields and maturity above 10 years, the accounts are typicallycallable, meaning they'll be terminated if interest rates drop. read more:are 10-year cd rates​ worth it? another problem with brokered cds is that, unlike cds issued directly from banks, they earn simple interest. that means your interest will always be calculated based on the original deposit amount. instead of reinvesting your interest earnings into the cd, brokerages pay the money into a separate account (usually your cash account with the brokerage). by contrast, traditional cds earncompound intereston a daily or monthly basis, meaning your earnings are calculated based on a combination of your deposit and the interest you've already accrued. in other words, you'll earn more than you would in a brokered cd with the same rate and term. for example, if you invest $20,000 into a five-year cd at 4% apy, you'll earn a total of $4,420 in interest if the account compounds interest monthly or $4,428 if it compounds daily. but with simple interest, you’ll earn just $4,000. you can buy brokered cds in one of two ways: through an sec-registered brokerage firm or from an independent salesperson. when you go through a trusted firm, such as schwab or edward jones, your deposit is more likely to be fdic-insured. but the sec still recommends vetting any broker you might work with. for brokers affiliated with investment firms, you can check their registration status and find out about their background throughinvestor.gov, finra'sbroker check, and yourstate securities regulator. for unaffiliated brokers, search through yourstate's consumer protection office. here's what else you need to know: verify the bank: view written confirmation of which bank the funds will be deposited to and ensure they'll be deposited to a cd account. if it's a shared investment, make sure you can get a copy of the cd title. confirm the insurance: usebankfind suiteto confirm the issuing bank is fdic-insured. review the interest: find out if the interest rate is fixed and for how long, and check into when you'll be paid. payment intervals are usually monthly, quarterly, or semi-annually. understand the fees: read through the client relationship summary, which you can find on the broker's website or by searching atinvestor.gov. review the account fees, including markup fees for selling. check to see if broker fees and commissions are built into the price of the cd. determine if it's callable: find out if the account can be closed before maturity. you may have to read the fine print to find the details. when market rates are high, as they are now, it can be difficult to find brokered cd rates that beat traditional cds. even if the advertised interest rates on brokered cds are slightly higher, you'll have to accept broker fees and simple interest. but if you can find a brokered cd with a competitive interest rate, and it's from a reputable firm, the investment is worth considering. just be sure to review all the details before you open an account, including where your money will be deposited and whether the account is callable. if you're looking to maximize the interest on your cash deposits, a traditional cd could be a better option than a brokered cd. cds issued directly by banks have a few features that can make them more valuable to you than brokered cds, including: no upfront fees or commissions market value does not fluctuate interest compounds further, thebest traditional cd ratesoffer as much as 4% apy. if you want to earn more than that, you may have to adjust your risk tolerance and invest in stocks instead. if you’re looking for a high-yield cd, you may have come across a callable cd. learn more about how callable cds work and whether they make sense for you. there are many types of cds on the market, all of which come with their own advantages and drawbacks. here are 10 types of cds you can choose from. we identified the best cd rates and accounts available today based on interest rates, fees, and more. see our top picks across 6-month, 1-year, 18-month, and 2-year terms. a negotiable certificate of deposit may be an attractive option for those with a lot of cash to invest. here’s how they work, the pros and cons, and alternatives to consider. no-penalty cds don’t charge fees if you need to withdraw your money early. but they do come with some trade-offs. here’s what you need to know. can a cd lose money? in most cases, no. but there are rare situations when a cd may lose money. learn how to protect your cd principal and interest from loss.",earnings,negative,Yahoo Finance,2024-04-24T21:06:52,https://finance.yahoo.com/personal-finance/banking/article/brokered-cd-210652049.html
Cheapest pet insurance companies in 2026,"some offers on this page are from advertisers who pay us, which may affect which products we write about, but not our recommendations. see ouradvertiser disclosure. the cost of pet insurance depends on your location, your pet’s age, the insurance company, and other variables. if you’re seeking the cheapest pet insurance, it’s important to understand what you are getting for that price, since cheaper plans may not offer your wallet as much protection over the long term. to help you find the cheapest and best pet insurance for your needs, yahoo finance reviewed 30 pet insurance and wellness plans to see whose costs stood out. learn more:how does pet insurance work? a complete guide. learn more:how much does pet insurance cost? liberty mutual has the lowest pet insurance premiums among the insurance companies we collected data for. its average overall premium that combines rates for $5,000 in annual coverage and $15,000 in annual coverage (the maximum amount) is $68.39 per month. liberty mutual’s pet insurance plans are also an excellent value. the base accident and illness plan provides coverage for things like vet exam fees, behavioral therapy, and alternative therapy, which some insurers make you pay extra for. there are also multiple discounts available, which could help you save up to 20% on your pet insurance premium. liberty mutual was also one of ourbest pet insurers for discounts. pros: cheapest combined premium in our analysis of 30 pet insurance companies comprehensive coverage without needing to purchase add-ons multiple discounts with potential savings of up to 20% cons: maximum annual coverage limit is the lowest in our cheapest analysis you’ll pay out of pocket for any curable preexisting conditions annual maximum limit choices:$5,000, $10,000, $15,000 deductible choices:$250, $500, $1,000 reimbursement choices:70%, 80%, 90% waiting periods:14 days for accidents/14 days for illnesses average costs for $5,000 annual coverage:$63.96/month ($500 deductible, 90% reimbursement) average costs for $15,000 annual coverage:$72.81/month ($500 deductible, 90% reimbursement) learn more:liberty mutual pet insurance review lemonade is a digital pet insurance provider that offers some of the most affordable rates. the company’s combined average pet insurance premium for $5,000 in annual coverage and $100,000 in annual coverage is $71.07 per month, which is only a few dollars more expensive than liberty mutual, but with a mich higher coverage limit. with lemonade, pet parents can take advantage of multiple discounts, including 5% off for paying in full, 10% for policy bundling, and up to 10% for insuring more than one pet. lemonade’s base plan has more limited coverage than some of its competitors, but you can buy add-ons for things like vet fees, behavioral therapy, and euthanasia, so you only pay for the coverage you want. lemonade was also one of our best pet insurers for pet insurance discounts. pros: some of the lowest costs in our analysis easy to customize your policy with add-on coverages great discounts for additional premium savings cons: doesn’t offer an unlimited coverage option 30-day waiting period for orthopedic injuries prescription food is an out-of-pocket expense annual maximum limit choices:$5,000, $10,000, $20,000, $50,000, $100,000 deductible choices:$100, $250, $500, $750 reimbursement choices:70%, 80%, 90% waiting periods:2 days for accidents/14 days for illnesses average costs for $5,000 annual coverage:$56.96/month ($500 deductible, 90% reimbursement) average costs for $100,000 annual coverage:$85.19/month ($500 deductible, 90% reimbursement) learn more:lemonade pet insurance review pets best’s essential plan is one of the cheapest among the 30 pet insurance companies we analyzed. not only does pets best have affordable pet insurance rates, but it also offers benefits like unlimited annual coverage and multiple deductible options (choosing a higher deductible will result in a lower monthly premium). unlike many other pet insurance companies, pets best allows fordirect vet paymentsif the vet signs a reimbursement form. if you use direct vet pay, you don’t have to pay for your pet’s healthcare up front and in full before submitting a claim, which can ease the impact on your wallet, especially for things like surgery or cancer treatment. pets best was rated the top overall pet insurer in ourbest pet insuranceanalysis. pros: offers unlimited annual coverage affordable rates option for direct vet pay if the veterinarian signs a reimbursement form cons: cruciate ligament conditions have a six-month waiting period exam fees are paid out of pocket doesn’t cover prescription pet food or supplements annual maximum limit choices:$5,000, unlimited deductible choices:$50, $100, $200, $250, $500 reimbursement choices:70%, 80%, 90% waiting periods:3 days for accidents/14 days for illnesses average costs for $5,000 annual coverage:$72.79/month ($500 deductible, 90% reimbursement) average costs for unlimited annual coverage:$89.05/month ($500 deductible, 90% reimbursement) learn more:pets best pet insurance review usaa partners with embrace to offer pet insurance to eligible usaa members, which includes active duty and retired service members, and their immediate families. not only does usaa have some of the cheapest pet insurance rates, but the company also offers lots of discounts. usaa was ranked among the best pet insurers for discounts according to our analysis. pros: affordable rates broad selection of coverage limits, including unlimited, and deductibles multiple discount options to lower costs are available cons: must be a usaa member to purchase a plan vet visits and prescriptions are only covered with an add-on no direct vet payments annual maximum limit choices:$2,000, $5,000, $8,000, $10,000, $15,000, unlimited deductible choices:$100, $250, $500, $750, $1,000 reimbursement choices:70%, 80%, 90% waiting periods:0 days for accidents/14 days for illnesses average costs for $5,000 annual coverage:$67.05/month ($500 deductible, 90% reimbursement) average costs for unlimited annual coverage:$99.64/month ($500 deductible, 90% reimbursement) learn more:usaa pet insurance review progressive doesn’t sell its own pet insurance plans — it partners with pets best. the pets best essential plan through progressive provides the same coverage you would get if you bought the plan directly from pets best, but the pricing is slightly higher through progressive. the main difference is that progressive policyholders can earn a 5% bundling discount when purchasing pet insurance with another policy, like home insurance or car insurance. pros: affordable coverage option for unlimited annual coverage direct vet pay is available if the veterinarian signs a reimbursement form cons: costs are slightly higher than going directly through pets best no coverage for preexisting conditions, including curable conditions plan excludes coverage for several conditions, and vet exam fees annual maximum limit choices:$5,000, unlimited deductible choices:$50, $100, $200, $250, $500 reimbursement choices:70%, 80%, 90% waiting periods:3 days for accidents/14 days for illnesses average costs for $5,000 annual coverage:$77.56/month ($500 deductible, 90% reimbursement) average costs for unlimited annual coverage:$94.71/month ($500 deductible, 90% reimbursement) learn more:progressive pet insurance review in the table below, you can see the overall star ratings for the pet insurance companies we evaluated for our 2026 cheapest pet insurance rankings. the cost of pet insurance depends on your pet’s breed and size, your insurance company, and your coverage selections. to find the cheapest and best pet insurance, it’s a good idea to compare quotes from multiple insurers. the average monthly pet insurance premium for a plan with $5,000 in annual coverage is about $85 per month. for a pet insurance plan with unlimited annual coverage, the average monthly rate is around $144 per month. pet insurance premiums depend on many factors, including: your location your pet’s breed, size, and age the coverage limits and deductible you choose the plan reimbursement rate the type of plan (accident-only vs. accident and illness) the insurance company when choosing a pet insurance policy, you’ll select coverage amounts and deductibles that can impact your monthly premium. if you want the cheapest policy, choose a plan with a lower annual coverage limit, a higher deductible, and/or a lower reimbursement rate. expert tip:while you can save money on your monthly premium with a lower annual coverage limit, a higher deductible, and/or a lower reimbursement rate, it could wind up costing you more out of pocket in the long run if your pet needs extensive care. here’s a look at the coverage choices that our winners offer: pet insurance costs vary, but there are plenty of ways to find the cheapest coverage for your needs. here are some tips that can help you get the best and most affordable pet insurance. the cost of your pet insurance will depend on the insurer you choose. for example,lemonade’saverage premium for a plan with $5,000 in annual coverage is $56.96 per month, but the average rate fromfetchfor the same amount of coverage is more than double the cost at $134.14 per month. pet insurance companies charge different rates for the same types and amounts of coverage, and can weigh rating factors differently. to find the cheapest pet insurance for dogs or cats, it’s important to compare quotes from at least three or four insurance companies. make sure to get quotes for the same plan type, coverage amounts, and deductibles for an accurate comparison. learn more:how to compare pet insurance quotes some of the best pet insurance companies have discounts that can help you save money on coverage. the exact discounts offered and savings potential vary by insurer, so pay attention to the discounts available as you compare pet insurance providers. many of the cheapest pet insurers we reviewed offer 5% or 10% off your premium if you insure more than one pet. you can also find pay-in-full discounts, military discounts, affinity group discounts, and occupation discounts throughmetlife pet insurance, for example. choosing an insurer with low premiums and multiple discounts can help you get the cheapest possible rate. before you purchase a pet insurance policy, find out if your employer offers pet insurance as a voluntary benefit. nationwide, fetch, and metlife are just a few insurers that partner with employers to offer pet insurance benefits. oftentimes, pet insurance through your employer is cheaper than getting an individual policy. you can also look for membership discounts. for example, costco gold star, executive, and business members can save 15% ona figo pet insurance plan. sam’s club members can earn 15% off aspot pet insurance policy. learn more:costco pet insurance review when you purchase a pet insurance policy, you’ll choose an annual coverage limit, deductible, and reimbursement rate. plans with the highest coverage limits and reimbursement rates provide the most coverage for your pet’s healthcare, but have the most expensive premiums. if you’re looking for cheap pet insurance, it’s important to weigh coverage with cost. for instance, the premium for a plan with unlimited annual coverage and 90% reimbursement might be too high. you could get a much cheaper premium if you chose a lower coverage limit, a lower reimbursement rate, or a higher deductible. learn more:your guide to what pet insurance covers one of the best ways to save money on pet insurance is to bundle your policy with another insurance product, like when youbundle renters insurance and auto insurance. most insurance companies that offer pet insurance and other types of insurance will provide a discount when you purchase multiple policies. some insurance companies that offer policy bundling discounts with pet insurance include: progressive (5%) lemonade (10%) usaa (15%) liberty mutual (liberty mutual says, “stackable discounts that could save you up to 20%.”) learn more:when you bundle home and auto insurance, be sure it’s the best deal your pet’s age and health are two factors that can have a big impact on the cost of your pet insurance. in general, older pets are more expensive to insure, and so are pets with certain preexisting health conditions. to get the cheapest pet insurance, it’s ideal to insure your dog or cat while they’re young and healthy. most pet insurance companies allow pet owners to enroll their pets starting around eight weeks. you can still insure older pets, but it’s common for pet insurance companies to have an upper age limit, at least for accident and illness coverage. learn more:pet insurance that will cover preexisting conditions liberty mutual is the cheapest pet insurance company, based on yahoo finance’s evaluation of 30 pet insurance companies and wellness plans. liberty mutual’s average overall premium for plans with $5,000 in annual coverage and $15,000 in annual coverage is $68.39 per month, or around $820 per year. pet insurance can be pricey, but it’s not expensive for everyone. the cost of pet insurance depends on different factors, like your pet’s breed and age, the insurance company, your location, and your coverage choices. choosing lower coverage limits and a higher deductible will result in the cheapest premium, but you’ll pay more out of pocket when your pet goes to the vet. you might be able to negotiate pet insurance rates, but it depends on the situation. for example, if you’ve been a loyal customer for many years and haven’t filed any claims, your insurance company might be willing to lower your premium. but if you have a lengthy claim history, it could be harder to negotiate a cheaper rate. pet insurance is worth the cost for many pet owners. it can ease the financial impact of your pet’s healthcare, and help cover big expenses like surgery, hospitalization, cancer, diabetes, and treatment for chronic conditions. but if you’re able to pay for your pet’s veterinary care out of pocket, or if your pet is older and has preexisting health conditions, the cost of pet insurance may outweigh the benefits. learn more:is pet insurance worth it? tim manniedited this article. we researched the pricing details for 30 pet insurance and wellness plans. we then weighted the category, and each pet insurer was scored relative to the others to find the cheapest pet insurance companies. we evaluated average costs in five states for $5,000 and unlimited coverage for a mixed-breed dog (age 1), a french bulldog (age 5), and a labrador retriever (age 8). pet insurance gives you peace of mind that an unexpected veterinarian bill won’t throw your finances into chaos. explore the details of 30 pet insurance and wellness plans to find the best pet insurance options for you. yahoo finance assessed multi-pet, bundling, and other pet insurance discounts across 30 plans to reveal which insurers offer the strongest savings options. check out our liberty mutual pet insurance review — with cost comparisons, coverage details, and more. pet insurance costs average $62 a month for dogs and $32 for cats. learn what affects your rate and how to find the right plan for your pet. pet insurance quotes can vary a lot, even for the same pet. grab at least three quotes and be ready with your pet's age, breed, and location details. our pets best pet insurance review examines coverage details, cost comparisons, information on how to file claims, and more.",leadership_change,positive,Yahoo Finance,2026-03-11T19:16:46,https://finance.yahoo.com/personal-finance/insurance/article/cheapest-pet-insurance-191646538.html
2 Dow Jones Dividend Stocks to Double Up on and Buy in March,"thedow jones industrial average(djindices: ^dji)contains 30 industry-leading components -- almost all of which pay dividends. these companies act as bellwethers for their respective sectors, making the dow a good starting point for investors looking fordividend stocksto round out their portfolios. here's why the recent sell-off in dow stockshome depot(nyse: hd)andsherwin-williams(nyse: shw)is a buying opportunity for long-term investors. will ai create the world's first trillionaire?our team just released a report on the one little-known company, called an ""indispensable monopoly"" providing the critical technology nvidia and intel both need.continue » last week, home depot fell 6% and sherwin-williams fell 9%. this was far worse than the 2% sell-off in thes&p 500(snpindex: ^gspc)as supply chain disruptions,higher oil prices, geopolitical tensions, and economic uncertainty weighed on consumer discretionary, industrial, and materials stocks. both stocks had been up big year to date as mortgage interest rates hit their lowest point since 2022. lower interest rates reduce borrowing costs, making it less expensive to buy or refinance a home. however, as research from the motley fool shows, the average cost of a mortgage refinance is $3,398. so homeowners only refinance if there's a big enough difference between their existing interest rate and the new rate for it to make sense. lower interest rates also make it more affordable to fund do-it-yourself home improvement projects and are generally good for economic growth -- benefiting the commercial and industrial customers. home depot has been waiting years for rates to come down, with management tempering investor expectations but preparing for a multi-year expansion period with major acquisitions that target professional contractors. meanwhile, sherwin-williams is generally more diversified than home depot because it is vertically integrated through manufacturing and distribution and has a massive commercial and industrial business that makes it less vulnerable to slowdowns in consumer discretionary spending on do-it-yourself projects. sherwin-williams has been executing at a high level, with steady earnings growth and high margins. home depot has failed to return to its record performance from a few years ago, when interest rates were lower and consumers were spending heavily on home improvement projects during the covid-19 pandemic. because sherwin-williams is more diversified and less cyclical, it has historically commanded a higher multiple than home depot. both stocks are reasonably good values now, with sherwin-williams hovering around its 10-year average price-to-earnings ratio and home depot trading at a slight premium. although, bear in mind that home depot could become too cheap to ignore if the cycle shifts and its earnings growth rapidly accelerates. home depot has boosted its dividend payout every year since 2010 and yields 2.6%. meanwhile, sherwin-williams just raised its dividend for the 47th consecutive year, but it only yields 1% because the stock has performed so well. both companies regularly repurchase stock, which accelerates earnings growth. home depot and sherwin-williams are coiled springs for growth if interest rates keep falling. in the meantime, both companies generate plenty of cash flow to cover their dividends and buy back stock. home depot will likely appeal more to value and passive-income investors. it's the better buy for investors looking for a concentrated bet on a recovery in the north american housing market and consumer spending. sherwin-williams is a more diversified business with a global customer base spanning different segments. but it's also pricier and sports a lower yield. before you buy stock in home depot, consider this: themotley fool stock advisoranalyst team just identified what they believe are the10 best stocksfor investors to buy now… and home depot wasn’t one of them. the 10 stocks that made the cut could produce monster returns in the coming years. consider whennetflixmade this list on december 17, 2004... if you invested $1,000 at the time of our recommendation,you’d have $530,233!* or whennvidiamade this list on april 15, 2005... if you invested $1,000 at the time of our recommendation,you’d have $1,119,682!* now, it’s worth notingstock advisor’stotal average return is 955% — a market-crushing outperformance compared to 191% for the s&p 500.don't miss the latest top 10 list, available withstock advisor, and join an investing community built by individual investors for individual investors. see the 10 stocks » *stock advisor returns as of march 11, 2026. daniel foelberhas no position in any of the stocks mentioned. the motley fool has positions in and recommends home depot. the motley fool recommends sherwin-williams. the motley fool has adisclosure policy. 2 dow jones dividend stocks to double up on and buy in marchwas originally published by the motley fool",earnings,positive,Yahoo Finance,2026-03-11T08:05:00,https://finance.yahoo.com/news/2-dow-jones-dividend-stocks-080500556.html
Paying cash for healthcare could help cut your medical bills,"for the uninsured, currently 8.2% of all americans, paying cash for medical care is the only choice. however, even for those with healthcare coverage, paying cash is becoming an appealing option. soaring healthcare costs are motivating americans to shop for medical discounts. ""the u.s. often pays higher prices for the same brand-name prescription drugs, hospital procedures, and physician care than similarly large and wealthy countries do,"" declareda recent analysisby kff, formerly the kaiser family foundation, a nonprofit focused on health issues. the report found that healthcare costs have generally grown faster than inflation, represent a larger share of the u.s. economy than in similar nations, and that ""elevated healthcare expenditure in the u.s. does not consistently translate into superior health outcomes."" with discounts of up to 80% on medical costs, it's becoming increasingly difficult not to consider cash-pay healthcare. knowing the cost of a medical procedure in advance is the best way to avoid healthcare ""sticker shock"" and compare any cash price option. of course, that's not always possible, especially if emergency care is required. however, for planned medical procedures, when asking for the price of a service, you're likely to be quoted ""chargemaster"" rates. chargemaster rates are based on what healthcare providers have negotiated with insurance companies. if you have coverage, you may not think what the insurance company has to pay is important — until your 10% to 20% coinsurance is charged. to compare costs, you will want to ask for the cash pay rate. that's even more important if you are uninsured. here's an example of how the pricing tiers work, in an example of the costs of an mri by theinsurance enterprise: chargemaster price: $5,000 insurance negotiated price: $2,000 cash-pay price: $500 to $800 the government has two programs in effect to help build public awareness of medical costs: transparency in coverage and the no surprises act. turquoise health, a healthcare costs advocate, is urging the government to make the price transparency reports more consumer-friendly. the current machine-readable files should be made ""less technical"" and more ""descriptive."" kff said the price data is ""sparse and often confusing,"" noting that it is used more by the industry than by consumers. the no surprises act, which went into effect in 2022, aims to reduce surprise medical bills that often result from an emergency treatment or a sudden illness. it could also come from services received from an out-of-network provider. to know your medical costs and compare the cash price before you are billed: ask your provider for a good-faith estimate. mandated by the no surprises act, cash-pay patients will receive a written estimate of scheduled services. for hospital charges, ask for negotiated rates. the transparency in coverage rule requires that hospitals provide out-of-pocket cost estimates to insured patients, as well as prices for services rendered to cash-paying patients. if insured, check your insurance company's website for cost estimates. many insurers post in-network provider costs for various services and procedures. you can search by the treatment you need to find an estimate of your out-of-pocket expense. one caveat noted by the american hospital association: with the many ways costs are estimated and provided to patients, confusion can still occur. ""the reported rate information may be inconsistent, and patients do not have a clear indicator as to which source should be relied upon. as a result, the overabundance of tools may create patient confusion rather than provide value,"" the aha said in a fact sheet. for a simple and direct answer, you can also call the provider's billing department. remember, if you're not going to file the claim with an insurance company, you're looking for a cash payment rate. in anew analysison prescription drug prices, particularly in hospital settings, 3 axis advisors found that prices varied not only by hospital, but alsowithinhospitals. ""substantial variation persists not only across hospitals but within hospitals, where prices for the same drug can differ ten-fold or more depending on payer contracts and billing unit inconsistencies,"" the study noted. 3 axis advisors also found that hospitals typically reported one gross price and one cash price for each drug, but multiple negotiated rates. ""the majority of a hospital's patients — those with insurance — face a confusing array of potential prices,"" the report continued. ""when the same drug or healthcare service can have a dozen different prices from the same provider on the same day, it becomes difficult to argue that there is a defined price for that product or service at that location."" in one quarter of the cases studied by 3 axis advisors, cash payers received no discount from the prescription list prices that insured patients paid. in half of the cases, the cash discount was 30% or less. however, the firm also noted that in a few cases, cash prices were lower than the rates negotiated by insurance companies. it all makes for a difficult task in shopping for healthcare prices, 3 axis said. some national prescription drug providers promise sizable discounts for cash payments, including goodrx, singlecare, trumprx, visory health, and nonprofit providers such as needymeds and rxassist. you can also search local hospital drug prices athospitaldrugprices.org. read more:what is trumprx, and can it help you save money? another affordable healthcare option isdirect primary care. unlike concierge care, which is a premium service that can be expensive, direct primary care often costs between $50 and $150 a month, paid directly to your provider. for routine health maintenance, it can help reduce your healthcare costs or your insurance premiums, especially if you're in good health. if you havemedical charges you are struggling to pay, firstcheck the bill for errors. compare the final bill you've received to ensure the services and procedures are accurate and haven't been billed twice. you may also ask apatient advocatefor assistance in the process. here are other resources to consider: apply forfinancial assistance. consider using amedical credit card. dispute any billing errorsthat have been noted in your credit report. don't worry about the daily atm withdrawal limit. ""cash pay"" doesn't mean that. it's just paying the provider directly, rather than through an insurer. of course, having health insurance is important. insurance can be vital for annual wellness visits, screenings, and preventative care. but if you can't afford it, have a high-deductible health plan, or are simply looking for ways to save on medical costs, cash pay can be an option. many providers, such as labs, outpatient procedures, and imaging labs, offer discounts for cash payments. having anemergency savings accountfor unexpected major healthcare costs is a safety net to aspire to. start small, contribute frequently. read more:hsa vs. hysa: which option is better for saving for medical expenses? getting a large medical bill can be scary, but you have options. learn how to pay medical bills and what happens if you can't repay them. how trumprx may help you save money on prescription drugs — and other ways to lower the cost of your medications. monthly costs are rising fast. learn how to negotiate bills for internet, insurance, and more to cut expenses and save hundreds each year. a medical credit card can typically only be used to pay for medical expenses, including large bills you want to spread across multiple payments. hsas and fsas let you save for eligible medical expenses with pre-tax dollars. learn the details of each to decide which account is best for you. health premiums for employer-sponsored plans typically aren’t tax deductible, but in some cases, medical costs can lower your taxable income. learn more about the irs rules.",earnings,neutral,Yahoo Finance,2026-03-10T20:18:55,https://finance.yahoo.com/personal-finance/banking/article/paying-cash-for-healthcare-could-help-cut-your-medical-bills-201855339.html
How to refinance a mortgage: A step-by-step guide for homeowners,"some offers on this page are from advertisers who pay us, which may affect which products we write about, but not our recommendations. see ouradvertiser disclosure. when you refinance your mortgage, you replace your existing home loan with a new one for the same property. there are many reasons to refinance your home loan, from locking in alower mortgage interest rateto tapping into your equity. understanding the process can help you prepare and save money along the way. discover whether now is a good time to refinance your mortgage. first things first: ensure you're financially prepared to refinance. check your credit scoreand see if there are ways to improve it before refinancing. your credit score plays a big role in your ability to get approved and will influence your interest rate. you should also calculate yourdebt-to-income ratio (dti)and consider paying down some debts, because a lower dti can help you more easily qualify for your loan. finally, ensure you have sufficient funds to comfortably coverclosing costs. you can typically expect to pay 3% to 6% of the total loan amount in refinancing closing costs. there are several types of refinances, and your goals will determine which is best for you. do you want a lower rate or a new term? if so, a simple rate-and-term refinance may be the best option. do you want access to cash? go for a cash-out refinance. do you already have a government home loan — such as an fha loan — and want to refinance into the same type of mortgage? a streamline refinance is probably your best bet. knowing your goals can help point you in the right direction. you canrefinance with the same lender you used for your first mortgage, but you don't have to. in fact, if you want the lowest rates and fees, you should shop around formortgage refinance lendersand compare at least a few options. the best way to do this is to fill out an application with several lenders and use the loan estimates each one provides to compare them. these forms detail all the fees and long-term costs of the loan, helping you zero in on the best deal. some mortgage lenders offer the option tolock in your mortgage rate, ensuring it remains stable until closing day. if interest rates are rising, you may want to lock in your rate to avoid being stuck with a higher one. if rates are trending downward, you can let your interest rate float in hopes of snagging a better one at closing. important note: some rate locks may come with a fee — especially if you want to lock your rate for a long period. just like when you bought your home, you'll need to get ahome appraisal when you refinanceto determine the market value of your home. this helps the lender decide how much it can safely loan you. appraisal fees vary by location, but according to zillow, you can typically expect to pay between $300 and $700. you may be able to avoid appraisals if you use a streamline refinance (more on these further down). once you have gone through all the steps, you get toclose on your new mortgage. this will feel similar to when you closed on your original home loan — but maybe less exciting since you already have the keys to your house. you’ll pay your closing costs and start making payments on your new loan right away. want to refinance your mortgage in early 2026? here's what to know. refinancing can help you achieve many goals. here aretimes it may be a good idea to refinance your mortgage: if current mortgage rates are lower than the rate on your existing mortgage, you could save money by refinancing to a lower interest rate. your monthly payment may also be lower. this can be helpful if you’re struggling financially or simply want to increase your monthly cash flow. if you’re able to lower your rate and keep making the same payment you’re making now, you might even be able to pay off your loan sooner. thefree yahoo finance mortgage calculatorbelow could help you estimate how much of your monthly payment would be applied to principal and interest with a lower rate. is your credit in better shape than when you bought your house? if that's the case, you may be able to lock in a lower interest rate or even qualify for a different type of loan. for instance, with a higher credit score, you might now be eligible to refinance from an fha loan to a conventional loan — and if you have enough home equity, eliminate paying mortgage insurance by doing so. you can also refinance into a different loan term — one that’s shorter, longer, or even just resets your current loan term. this could help you reduce your long-term interest costs or change your monthly payment as needed. if you were to refinance from a30-year loan to a 15-year one, for example, you’d have a higher monthly payment, but you’d likely pay less interest over the lifetime of your loan. refinancing into a longer term would achieve the opposite, resulting in more long-term interest but more affordable monthly payments. it all depends on your personal goals as a homeowner. your “equity” refers toyour home’s valueminus your remaining mortgage balance. if your home has increased in value or you have a lot of equity available, refinancing can help you tap into that equity and turn it into cash. for this, you’d use a cash-out refinance, which involves taking out a new mortgage larger than your current one, paying off your old loan, and receiving the remaining money as a lump sum. you can then use those funds however you like. you need a certainamount of home equity to refinance. the exact percentage varies by refinance type and mortgage lender, but with a cash-out refinance, you’ll usually need 20%. increased home equity can also help you get rid of mortgage insurance if you’re currently paying for it. this is because conventional mortgages don’t requireprivate mortgage insurance (pmi)once you have at least 20% equity in the home. so, for example, if you have an fha loan — which typically requires mortgage insurance for the entire loan term, you could refinance into a conventional one once you hit 20%,removing fha mortgage insurancefrom your loan and reducing your monthly payments in the process. anadjustable interest ratecan often give you a lower payment at the start of your loan, but down the line, your rate and payment can increase, causing financial strain and budget issues. fortunately, with a refinance, you have the opportunity to change your rate type, choosing a fixed interest rate instead. this protects you from market fluctuations and ensures your rate and payment are consistent for the entire loan term. one time you may not want to refinance is when you plan tosell your homein the next few years. in that case, the benefits of refinancing may not outweigh the costs and the time required to complete the refinance process. you should always calculate the break-even point — or the amount of time it takes for the refinance to save you more than it costs — to determine if refinancing is financially beneficial in the long run. (for example, with a refinance that costs $5,000 and saves you $50 per month, you’d break even in 100 months — or about 8.5 years. if you won’t be in the home that long, it may not be worth the effort.) getting a new mortgage isn’t right for every homeowner, so before you dive in, it’s important to weigh thepros and cons of refinancing. here are some crucial factors to consider: it could reduce your interest rate. you mightlower your monthly payment. refinancing can help youpay off your mortgage faster. you may be able to free up cash flow. you can turn your equity into cash. refinancing comes with closing costs. it may not be worth it if you don’t plan to stay in your home long. there may beprepayment penaltiesfor paying off your original loan too soon. your credit score will probably take a small hit when you apply for a new loan. there are severaltypes of mortgage refinances. to decide which kind you should pursue, start by identifying the goal you hope to achieve by refinancing. this table can give you a good idea of which may be best for you. for more details, continue reading below to learn about each type of refinancing. arate-and-term refinancereplaces your current mortgage with a new one, offering a different interest rate and term length. it's a good option for those seeking a lower interest rate, a new term length, or lower monthly payments. you’d also choose this if you want to move from an adjustable-rate loan to a fixed-rate one. with acash-out refinance loan, your new loan amount is significantly higher than your current loan's outstanding balance, and the difference is paid to you in cash. you can use the funds topay off other debts, make home improvements, cover other large expenses, or anything you’d like, really. here are the rules for cash-out refinancing government home loans. fha cash-out refinance:fha streamlines allow you to refinance from one fha loan to a new one. you might consider this to lower your rate, secure a new term, or switch from an adjustable rate to a fixed rate. these often require no appraisal or credit check, and they typically have fewer documentation requirements than a full refinance. va cash-out refinance:these cash-out refinances are only available to military members, veterans, and their spouses, and you may be able to access the full value of your property (va loans allow for 100% financing — no down payments). when you refinance, you will need to pay the va’s funding fee as part of your closing costs. this ranges from 2.15% to 3.3% of the loan amount, depending on how many times you’ve used the loan program. a streamline refinance occurs when you replace your current loan with a new loan of the same type, and the paperwork and documentation requirements are simplified. three types of loans that allow streamlined refinancing are fha, va, and usda loans. fha streamline refinance:fha streamlines allow you to refinance from one fha loan to a new one. you might do this to lower your rate, get a new term, or change from an adjustable rate to a fixed rate. these often require no appraisal or credit check, and they typically have fewer documentation requirements than a full refinance. va streamline refinance (va irrrl):the va interest rate reduction refinance loan, also called an irrrl, is a type of refinance you’d use if you already had a va loan and wanted to lower your interest rate or switch from an adjustable to a fixed rate. these require no appraisal or credit check, and they boast a faster closing process than a typical va refinance. the funding fee on these loans is significantly lower than that of most va loans, costing just 0.5% of the loan amount. usda streamlined refinance:this type of refinance would be a good fit if you have a rural home loan backed by the u.s. department of agriculture (usda) and want to refinance into a new one to achieve lower payments or a better rate. no appraisals are required on these refinances, and you can roll the usda’s up-front guarantee fee into your new loan amount. acash-in refinanceis essentially the opposite of a cash-out refinance. instead of taking out a larger mortgage and receiving cash, you put more money down when you refinance, so you can take out a smaller mortgage. this results in lower monthly payments and less interest paid over the life of the loan. as the name suggests, ano-closing-cost refinancemeans you don't have to pay any fees at closing. however, the lender will usually make up that money from you in one of two ways: they'll either roll the closing costs into your mortgage principal or cover the closing costs but charge you a higher interest rate in return. only do this if you are certain the costs are worthwhile. ashort refinanceis an option when you're underwater on your mortgage, meaning you owe more on your loan than the house is currently worth. this type of refinance replaces your current home loan with one for less than what you owe. your monthly payments will be lower, and you'll be able to stay in your house. some lenders will agree to a short refinance because, although it isn't ideal, it can be a better financial deal for them than going through theforeclosure process. areverse mortgageisn't technically a type of refinance, but it does share some similarities. like a cash-out refinance, you tap your home equity using a reverse mortgage. rather than making payments to a lender to pay down your loan, you'll receive money, and your debt will increase. a reverse mortgage is an option for senior citizens that allows them to have more money in retirement. the most common type of reverse mortgage is ahome equity conversion mortgage (hecm), which is insured by the federal housing administration (fha). when you refinance, you’ll pay many of the same closing costs you paid when you bought the house.refinancing typically costs3% to 6% of your loan balance. for example, if you’re refinancing into a $500,000 mortgage, expect to pay roughly $15,000 to $60,000 in closing costs. to ensure you get the lowest possible costs, apply forprequalificationorpreapprovalwith several lenders — not just your current company. then, compare rates and fees before deciding which company to refinance with. discover how to get a low-cost mortgage refinance. so,how long do you have to wait to refinance your current mortgageafter buying your house (or since your last refinance)? it depends on the type of loan you have. here is the waiting period for different types of mortgages and refinances: conforming loan refinance:none jumbo loan refinance:none cash-out refinance (conforming, jumbo, fha):12 months va cash-out refinance:210 days fha or va streamline refinance:210 days usda loan refinance:6 to 12 months, depending on the type of refinance even with conforming and jumbo loans that don't have a mandatory waiting period, some mortgage lenders impose a seasoning period (maybe six months or a year) before they let you refinance. the best way to get around this rule is to refinance with a different company. learn about the best cash-out refinance lenders. you canrefinance your home as many times as you want. just keep two things in mind: first, you must adhere to the aforementioned waiting periods before doing so. second, you must pay closing costs each time you refinance, so it can become expensive if you do it multiple times. thelength of time it takes to refinance your housedepends on your lender and the type of mortgage you’re refinancing into. generally, you should expect the process to take 30 to 50 days. some mortgage lenders are known to close more quickly, though. for example,rocket mortgage’saverage refinancing time is 20 days. to expedite the process, have your documentation — such as tax returns and bank statements — readily available when your lender requests it. you should also respond to your lender's questions as quickly as possible to avoid delays. you have several options forrefinancing with a low credit score. some common tactics are pursuing a streamline refinance (which usually doesn't require a hard credit pull), adding a co-signer with a strong credit score, or choosing amortgage lender that accepts poor credit scores. you can also work on improving your credit score before filling out your application. refinancing may hurt your credit scorebecause the mortgage lender will likely do a hard credit pull. however, these hard credit inquiries usually dock your score by less than five points, and although they stay on your credit report for two years, they only affect your score for one year. filling out multiple loan applications over a long period of time could also hurt your score, as could closing out your original mortgage account. fortunately, as you begin paying down your new loan, your score will start to bounce back. refinancing a mortgage means replacing your original mortgage loan with a new one, which could have different terms or rates. you then use the funds from your new mortgage to pay off your old one. refinancing a mortgage can be a good idea if it will help you financially. for example, if you can get a lower mortgage rate by refinancing, you could save money on your monthly payments and pay less in interest in the long run. however, it's usually not a good idea to refinance if you plan to move soon, since the savings likely won't offset the up-frontclosing costs. when you refinance a mortgage, you’ll typically pay 2% to 6% of the loan amount. on a $300,000 mortgage, this ranges from $6,000 to $18,000. to pay near the lower end, shop around for lenders that offer the lowest refinance rates and the most competitive mortgage lender fees. if you have a strong financial profile, you may even be able to negotiate for lower lender fees, such as a waived application fee or reduced origination fee. it can be hard to refinance a mortgage if you're in a tough financial spot because you might not get the terms you want. otherwise, refinancing isn't necessarily more difficult than obtaining your original mortgage. lenders typically require specific credit scores,loan-to-value ratios (ltvs), and debt-to-income ratios (dtis), though these requirements vary by lender and loan program. first, check your credit score and ensure you’re financially ready to refinance. then, choose the type of refinance that will help you reach your goals, such as a cash-out or streamline refinance. you should shop around with several lenders to find the lowest rates and fees, and decide whether you want to lock in your interest rate or — if rates are decreasing — leave it floating until closing. finally, you’ll schedule a home appraisal before finally closing on your new home loan. that depends on your mortgage lender. in some cases, you may be charged aprepayment penaltyif you refinance your loan too quickly after taking it out. keep in mind that even if your lender doesn’t charge these fees, there are still costs to refinancing. you will typically pay between 3% and 6% of the loan amount in closing costs. laura grace tarpleyedited this article. there are several types of home refinance options, including cash-out, no-closing-cost, and more. learn which type of refinance is best for your financial goals. how do you know when to refinance your mortgage? lower interest rates are only one sign that it could be time. learn more about when to refinance. there are pros and cons to refinancing your home, centered on mortgage rates, term lengths, and closing costs. learn if the benefits outweigh the disadvantages. when you can refinance a mortgage depends on your loan type. you may have to wait up to 12 months. learn how soon you can refinance your mortgage. you can refinance an fha loan to get a lower monthly payment, receive cash, or make home improvements. learn which type of fha refinance loan is best. there isn’t a limit on how many times you can refinance your home, but there may be a mandatory waiting period. learn if it's a good idea to refinance again.",earnings,positive,Yahoo Finance,2024-01-26T22:45:39,https://finance.yahoo.com/personal-finance/mortgages/article/refinance-mortgage-162831396.html
4 gold storage myths debunked,"some offers on this page are from advertisers who pay us, which may affect which products we write about, but not our recommendations. see ouradvertiser disclosure. while gold (gc=f) can be appealing during periods of economic uncertainty, it comes with some risk. over $1 billion of jewelry and precious metals is stolen each year, according to the fbi. and as gold prices increase, thieves have more of an incentive to steal it. to protect your investment, it's important to store your gold properly. understanding some of the most common gold storage myths (and what you should do instead) will keep your gold safe. learn more:how to invest in gold in 4 steps physical gold offers some advantages. it's tangible, durable, and if you store it at home, it's free to store. but it can also be risky. because gold is compact and portable, there's a high risk of theft. considering the sky-high price of gold right now, even the theft of a small part of your collection can lead to thousands of dollars in losses. when it comes to storing gold, many investors rely on advice from loved ones or internet strangers. unfortunately, some gold storage myths are pervasive (and risky!). these are some of the most common myths, and what you can do to store your gold properly. the truth: 63% of all burglaries are in residential properties, costing billions in losses. even if you have a safe, your gold may not be safe. many home safes are easily opened, and smaller ones can be quickly picked up and removed from the home (giving the thief time to figure out how to open it later). if you decide to store your gold at home, choose a safe that can be bolted to your floor. and keep the safe in an unexpected place; burglars tend to check the primary bedroom, closet, and home office first. the truth: coverage for gold can be very limited unless you purchase additional insurance. although ahomeowners insurancepolicy will typically cover some gold if it's stolen, standard policies set strict coverage limits. depending on your policy, the maximum coverage may be as little as $1,500, so you'll need to add a floater or insurance endorsement to your policy to get adequate coverage. or you can purchase a standalone policy for your precious metals. the truth: good records are necessary for tax reporting, insurance claims, or giving gold to family members. because gold is a physical, tangible asset, people often think that they don't need to keep good records. but if you don't have the right paperwork, you can run into hiccups when it comes to reporting capital gains from selling gold, filing an insurance claim if gold is stolen, or leaving the gold to heirs. when you buy gold, hold on to purchase receipts, keep track of serial numbers, and take photos of coins/bullion or note their condition. learn more;gold has been on a run all year. here’s how to avoid a tax hit. the truth: you can store your gold in a secure location for as little as $50 per year. if the idea of storing yourgold bars, bullions, or coinsat home makes you nervous, storing them in another location is a good decision. there are two main options: safe deposit box:safe deposit boxes are available through many banks or credit unions. the safe deposit boxes are located inside a vault, and you have to show your id and have a key to access the box. a large safe-deposit box costs $70 to $100 per year. private storage vault:some companies operate secure vault facilities. you can store gold bars, coins, and other precious metals in a secure location. the cost is usually 0.5% to 1.5% of the value of your gold holdings. if you have $10,000 in gold, your fee would be between $50 and $150 per year. owning physical gold can be a smart alternative investment, particularly during periods of economic uncertainty or volatility. however, owning physical gold requires some extra precautions to keep your investment safe. best practices include: if storing gold at home, purchase a high-quality safe that's bolted to the floor and can’t be easily lifted. avoid talking about your gold holdings or posting about it online. add an endorsement or insurance rider to your homeowners insurance policy to cover your gold. if you store your gold in a safe deposit box or private vault, purchase a separate insurance policy. for larger gold collections, store your gold in a large safe deposit box or professional storage vault. while gold can be a useful part of a diversified investment portfolio, it shouldn't make up the majority of your investments. in general, experts recommend investing no more than 15% of your money in gold. in the u.s., there is no limit to how much physical gold you can store in your home. however, the more you keep in your house, the larger the risk of losing your investment due to theft. keeping small amounts of gold can be safe if you use a high-quality safe bolted to the floor of your home and take proper security precautions, like installing deadbolts and a home security system. for larger collections, you may benefit from using a separate safe deposit box at a local bank or a professional storage vault. learn how to invest in gold by considering gold's strengths, historic behavior, and the pros and cons of physical gold versus gold mining stocks and etfs. gold has the same high-level risk as any investment. would-be gold investors should understand the risks associated with price, speculation, opportunity cost, and fraud. a gold ira and physical gold differ in liquidity, tax treatment, storage, and fees. costco sells gold bars, silver coins, and platinum bars. find out what these precious metals cost, how you can buy them, and what to know before investing. a gold ira is a self-directed ira designed for gold and other precious metals. learn the differences between it and traditional iras, tax implications, pros and cons, and alternatives. gold just hit $5,300 — but selling could cost you. learn how the irs taxes physical gold, etfs, and mining stocks, plus smart strategies to legally reduce your tax bill.",earnings,neutral,Yahoo Finance,2026-03-11T20:47:49,https://finance.yahoo.com/personal-finance/investing/article/4-gold-storage-myths-debunked-204749637.html
Chime review (2026): Leveraging technology to bring you better banking services,"some offers on this page are from advertisers who pay us, which may affect which products we write about, but not our recommendations. see ouradvertiser disclosure. summary:chime® is a san francisco-based financial technology company — not a bank — that offers banking services provided by its partner banks (the bancorp bank, n.a. or stride bank, n.a., which are both fdic-insured institutions). it offers a checking account, savings account, and a secured visa® credit card. chime does not have any physical locations, but it does have a network of more than 50,000 fee-free atms. it also provides 24/7 customer support. customers can do all of their banking online or from their phones via the chime mobile app. chime was selected as one of thebest financial technology companies of 2026. chime offers anonline checking accountwith no monthly fees or minimum balance fees. this account does not earn interest, but it does offer other perks. for example, you can get your paycheck up to two days early with direct deposit. early access to direct deposit funds depends on the timing of the submission of the payment file from the payer. chime generally makes these funds available on the day the payment file is received, which may be up to 2 days earlier than the scheduled payment date. additionally, members can get fee-free overdraft up to $200 with spotme® on debit, an optional, no-fee overdraft service attached to your chime checking account. to qualify for the spotme on debit service, you must receive $200 or more in qualifying direct deposits to your chime checking account each month and have activated your physical chime visa® debit card or secured chime credit builder visa® credit card. qualifying members will be allowed to overdraw their chime checking account for up to $20 on debit card purchases and cash withdrawals initially but may later be eligible for a higher limit of up to $200 or more based on chime account history, direct deposit frequency and amount, spending activity and other risk-based factors. the spotme on debit limit will be displayed within the chime mobile app and is subject to change at any time, at chime's sole discretion. although chime does not charge any overdraft fees for spotme on debit, there may be out-of-network or third-party fees associated with atm transactions. spotme on debit will not cover any non-debit card transactions, including ach transfers, pay anyone transfers, or chime checkbook transactions. out-of-network atm withdrawal and over the counter advance fees may apply except at moneypass atms in a 7-eleven, or any allpoint or visa plus alliance atm. thehigh-yield savings accountoffered by chime is an optional savings account that offers 0.75% apy, which is nearly double the national average rate for savings accounts. plus, your apy will automatically bump up to 3% with chime+, which is free with a qualifying direct deposit. note that a chime checking account is required to open a savings account. the apy for the chime savings account is variable and may change at any time. the disclosed apy is effective as of january 29, 2026. there is no minimum balance required. you must have $0.01 in savings to earn interest. this account also offers ""round ups,"" which automatically round up debit card purchases to the nearest dollar and transfer the round up from your chime checking account to your savings account. for account holders who wish to automate their savings, chime also offers a ""save when i get paid"" feature, which automatically transfers 10% of your direct deposits of $500 or more from your checking account into your savings account. customers looking to build or improve their credit score can do so with the secured chime credit builder visa® credit card (a chime checking account is required to apply). the credit builder card is a secured credit card, not a debit card or a prepaid card. members fund their credit builder secured account by transferring money into it via their checking account. then, members will use their credit builder card on everyday purchases. with safer credit building feature turned on, the money members have moved into the credit builder secured account will be used to automatically pay off the balance on their secured credit card. on-time payment history may have a positive impact on your credit score. late payment may negatively impact your credit score. chime will report your activities to transunion®, experian®, and equifax®. impact on your credit may vary, as credit scores are independently determined by credit bureaus based on a number of factors including the financial decisions you make with other financial services organizations. banking services provided by the bancorp bank, n.a. or stride bank, n.a., members fdic. the chime visa® debit card is issued by the bancorp bank, n.a. or stride bank pursuant to a license from visa u.s.a. inc. and may be used everywhere visa debit cards are accepted. the secured chime credit builder visa® credit card is issued by stride bank pursuant to a license from visa u.s.a. inc. and may be used everywhere visa credit cards are accepted. please see the back of your card for its issuing bank. if you’re considering banking through chime, here are a few of the major pros and cons to consider: pros: no monthly fees:chime doesn’t charge any monthly fees for its deposit accounts. large fee-free atm network:chime provides access to a network of more than 50,000 fee-free atms. early direct deposit:customers can access their paychecks up to two days early by setting up direct deposit through chime. cons: no physical branches:as a fintech company, chime operates solely online and has no physical branches. this isn’t always a drawback for those who prefer online banking. however, if you prefer to resolve banking issues in person, this is an important factor to consider. limited product offerings:chime offers a few basic banking products, which may be enough to cover your banking needs. however, if you’re looking to invest, explore savings vehicles outside of a high-yield savings account, or want a larger variety of credit card options to choose from, this bank may not be the best fit. customers can’t visit a physical branch for in-person help. however, it is possible to contact a customer service representative 24/7 via telephone or the chime mobile app’s live chat feature. the chime mobile app is available for download forappleand android users on the app store and google play — it has an average rating of 4.8 and 4.7 stars, respectively. with the chime app, customers can check their account balances, pay bills online, transfer money to and from external bank accounts, and more. chime gives back to the communities it serves in a few different ways. for instance, the chime scholars foundation (csf) is a nonprofit organization that awards scholarships of up to $5,000 to low-income students. the “chime in for changemakers” program is a separate initiative that partners with organizations working to champion financial empowerment for all. each changemaker is provided with support to increase their reach and impact. this includes financial investment, the use of chime’s brand voice, employee resources, and more. chime has also partnered with sbp to help natural disaster victims and reduce the time between disaster and recovery in its members’ communities. chime is a financial technology company, not a bank. it offers banking services through its partner banks: the bancorp bank, n.a. and stride bank, n.a. accounts you open through chime are fdic-insured up to the standard maximum deposit insurance amount of $250,000 through chime’s partner banks. the routing number for your chime account will depend on which partner bank services your account. for accounts serviced by the bancorp bank, the routing number is 031101279. for accounts serviced by stride bank, the routing number is 103100195. chime offers a secured credit builder card with no pre-set credit limit. instead, you decide how much money to move into your secured account, which becomes your credit limit. chime was founded in 2013 by chris britt and ryan king as an alternative to traditional banking. experian now offers a high-yield savings account that earns one of the highest rates available today. so, is the smart money digital savings account right for you? learn more about fnbo's account options, interest rates, fees, and more. is fnbo a good bank? find out in this expert review. merrick bank is a major credit card issuer that also provides online cds and loans. is merrick bank a good bank? find out with this expert review. is service credit union right for you? learn more about this credit union's products, interest rates, fees, and more in this expert review. should you join first tech federal credit union? learn more about this credit union's products, interest rates, fees, and more with this expert review.",earnings,negative,Yahoo Finance,2024-04-17T16:18:31,https://finance.yahoo.com/personal-finance/banking/review/chime-bank-review-161831648.html
"The Best Oil and Gas ETF to Invest $1,000 in Right Now","it doesn't take a stock market genius to know where the big money has moved in recent days. the aftermath of the attack on iran by the u.s. and israel has causedenergy stocksto soar. exchange-traded funds (etfs) offer a way for investors who aren't comfortable picking individual winners to profit from the energy stock boom. but what's the best oil and gas etf to invest $1,000 in right now? will ai create the world's first trillionaire?our team just released a report on the one little-known company, called an ""indispensable monopoly"" providing the critical technology nvidia and intel both need.continue » there are several good choices, but i think the best oil and gas etf to buy is thestate street energy select sector spdr etf(nysemkt: xle). this etf owns 22 of the strongest energy stocks on the market. importantly, three energy giants make up 48% of the state street energy select sector spdr etf's total assets:exxonmobil(nyse: xom),chevron(nyse: cvx), andconocophillips(nyse: cop). these three companies rank among the world'slargest energy companies by market cap. with iran effectively blocking traffic through the strait of hormuz, oil produced in the u.s. permian basin has become a hot commodity. exxonmobil, chevron, and conocophillips are among the largest oil producers in the permian basin, with exxonmobil holding the top spot. unsurprisingly, the performance of these three stocks closely tracks that of the state street energy select sector spdr etf. all four assets have soared more than 20% year to date. no one knows how long the middle east crisis will last. it's quite possible that oil prices (and energy stocks) could decline sharply in the coming months. investing in the state street energy select spdr etf provides a relatively safe alternative if the bubble bursts. the etf's top three holdings are integrated major oil and gas companies that operate across the full spectrum of the oil and gas industry, from exploration to refining and distribution. if oil prices drop, exxonmobil's, chevron's, and conocophillips' diversified business models should provide a cushion that smaller oil and gas exploration companies can't. i think this makes the state street energy select spdr etf a better option than other oil and gas etfs. this fund is also valued attractively despite the recent surge in oil prices. its trailing 12-month price-to-earnings ratio is only 20x, well below thes&p 500's(snpindex: ^gspc)earnings multiple of 29x. last, but not least, the state street energy select spdr etf pays investors solid income regardless of how oil and gas prices fluctuate. its distribution yield currently stands at 2.6%. before you buy stock in select sector spdr trust - state street energy select sector spdr etf, consider this: themotley fool stock advisoranalyst team just identified what they believe are the10 best stocksfor investors to buy now… and select sector spdr trust - state street energy select sector spdr etf wasn’t one of them. the 10 stocks that made the cut could produce monster returns in the coming years. consider whennetflixmade this list on december 17, 2004... if you invested $1,000 at the time of our recommendation,you’d have $530,233!* or whennvidiamade this list on april 15, 2005... if you invested $1,000 at the time of our recommendation,you’d have $1,119,682!* now, it’s worth notingstock advisor’stotal average return is 955% — a market-crushing outperformance compared to 191% for the s&p 500.don't miss the latest top 10 list, available withstock advisor, and join an investing community built by individual investors for individual investors. see the 10 stocks » *stock advisor returns as of march 11, 2026. keith speightshas positions in chevron and exxonmobil. the motley fool has positions in and recommends chevron. the motley fool recommends conocophillips. the motley fool has adisclosure policy. the best oil and gas etf to invest $1,000 in right nowwas originally published by the motley fool",earnings,negative,Yahoo Finance,2026-03-11T08:05:00,https://finance.yahoo.com/news/best-oil-gas-etf-invest-080500214.html
How to get overdraft fees refunded,"some offers on this page are from advertisers who pay us, which may affect which products we write about, but not our recommendations. see ouradvertiser disclosure. banks make money in many ways, including bycharging fees. and according to a report from the financial health network, consumers paid over $12.1 billion in overdraft and nsf fees alone in 2024. the good news is that banks sometimes refund these charges, especially if you have a good account history or the overdraft was a one-time slip. knowing how to request a refund — and when you’re most likely to get one — could help you recover money that might otherwise be gone for good. overdraftfees occur when you make a transaction — such as a debit card purchase, atm withdrawal, check, or automatic payment — that exceeds the available balance in your bank account. in that situation, the bank temporarily covers the shortfall and then charges a fee for doing so. this fee varies by financial institution, but you'll typically pay about $35 per transaction. some financial institutions also charge continuous overdraft fees or daily overdraft fees — a fee for every day your account remains negative. the order transactions are processed is also up to the bank's priority, potentially worsening the impact of overdraft fees. for example, let's say you have $500 in your account and you have the following transactions: $275 for a utility bill $250 for a car payment $50 for a cell phone bill $50 for internet service if the bank paid out the transactions from the smallest amount to the largest, there would only be one overdraft — the final utility bill. but because of how banks process transactions, they may pay the highest bill first, so you'd have to pay the overdraft fee for each of the next three transactions. if the fee was $35 per transaction, you'd have to pay $105 in fees. note that for debit and atm transactions, you usually have to consent to an overdraft and the corresponding fees. otherwise, the bank will deny the transaction from going through. read more:how much can i overdraft my checking account? especially for thoseliving paycheck-to-paycheck, overdraft fees can be a severe issue. they’re expensive, and some people may even avoid traditional banks in an attempt to save money. however, there are better ways to avoid overdraft fees. overdraft protectionis an optional feature available on some bank accounts. the feature links your checking account to another savings account or line of credit. if the main account is overdrawn, the bank will immediately transfer money from the linked account to cover the cost, helping you avoid overdraft fees. keep in mind that overdraft protection transfers may come with their own fees, though they will likely be a lot less than overdraft fees. read more:overdraft coverage vs. overdraft protection​: what's the difference? if you're struggling to make ends meet, building enough of a financial cushion to serve as a buffer can feel challenging, but it's a critical step in avoiding fees. how much you need to keep in a checking account depends on your expenses and finances, but establishing a safety net of $100 to $1,000 beyond the money you need for your bills will ensure your account isn't accidentally overdrawn. one of the best ways to avoid overdraft fees is to be aware of what money you have and where every dollar goes. if youcreate a budgetand track your spending — including noting what bills are upcoming — you can plan ahead and make sure you have enough cash in your account for those expenses. many banks and credit unions allow customers to set upaccount alerts; you can create an alert to notify you if your account balance reaches below a certain threshold, such as $100 to $250, giving you time to transfer funds into the account before it's overdrawn. although overdraft fees are common, they don't apply to all accounts. below is a sampling of financial institutions that offer overdraft fee-free checking accounts: although there are ways to avoid overdraft fees, there may be times when an overdraft fee is incurred despite your best efforts. if that happens, follow these tips to get the fee waived or refunded: some financial institutions offer overdraft forgiveness. these programs, also known as overdraft grace periods, give you time to add money to your account to cover the overdrawn transactions. the length of time you have to make a deposit or transfer varies by bank, but you usually have until the end of the next business day. although it may feel uncomfortable, the most effective way to get reimbursed for your overdraft fees is to contact the bank or credit union's customer support department. if you don't have a history of overdrawing your account, the bank may be willing to refund or waive the fee to keep you as a good customer. call the bank and explain that you overdrew your account. if there are extenuating circumstances, such as an illness or a delayed paycheck that caused the overdraft, share those details with the representative and ask for a refund. if the representative is unable to help you, request a manager or supervisor; be polite and courteous, but don't be afraid to request additional assistance. read more:can overdrafting affect your credit score? you probably know you shouldn’t overdraft your bank accounts, but what does that mean exactly? and how can you avoid overdraft fees? here’s what you should know. overdraft protection covers transactions when you don’t have enough money in your account. but it has its downsides, too. generally, a bank overdraft won't hurt your credit score. however, it can indirectly impact your credit if it's sent to collections. here’s what you need to know. when you visit an atm to check your balance or make a withdrawal, your bank might charge a fee. here’s how to avoid atm fees so they don’t chip away at your balance. with so many checking accounts to choose from, how do you know which one is the best? that’s the topic of this week’s reddit thread. we’ll break it down for you. many banks charge a monthly maintenance fee on certain accounts, but it's possible to avoid them. here's what you need to know.",legal_action,neutral,Yahoo Finance,2024-04-23T21:48:22,https://finance.yahoo.com/personal-finance/banking/article/how-to-get-overdraft-fees-refunded-214822745.html
"Strait of Hormuz must remain closed as 'tool to pressure enemy,' Iran's new supreme leader says","iran's new supreme leader, mojtaba khamenei, said thursday that the closure ofthe strait of hormuzmaritime passage should be continued as a ""tool to pressure the enemy,"" in his first public statement since being appointed. khamenei also said all u.s. military bases in the middle east should close immediately and ""those bases will be attacked,"" in televised comments translated by reuters. oil pricesextended gains following the statement, read out by a state tv broadcaster. the shipping of oil through the strait of hormuz has effectively stopped since the war began, causing global oil prices to soar. iran warned on wednesday that the price per barrelcould climb to $200. it's khamenei's first public comments since being appointed as iran's supreme leader on march 9 afterthe assassinationof his father, ayatollah ali khamenei, in u.s.-israeli air strikes which began in late february. mojtaba khamenei was injured in the attack on his father's compound, which killed the ayatollah and other immediate members of the family. ""iran will not refrain from avenging the blood of its martyrs,"" khamenei said, calling for unity among the iranian people. khamenei, 56, is seen asmore hard-line and conservativethan his father, although he kept a low profile in iran before he was elected to succeed him as supreme leader. u.s. presidentdonald trumpexpressed ""disappointment"" in his selection by iranian senior clerics, telling fox news, ""i don't believe he can live in peace."" despite trump's comments, it's unclear whether the white house is aiming for regime change in tehran as one of its main objectives in its military operation. experts have said that airstrikes alone are unlikely to be enough to unseat iran's leadership. there are no signs that the u.s.-israeli strikes on iran's critical and military infrastructure are nearing a conclusion, withair and sea attacks intensifyingthis week. iran has also stepped up its retaliatory assaults this week,attacking tankers in or near the strait of hormuz. khamenei said thursday that iran will seek compensation from enemies ""or destroy their assets accordingly.""",leadership_change,positive,CNBC,2026-03-12T15:43:48,https://www.cnbc.com/2026/03/12/strait-of-hormuz-closure-iran-oil-prices-mojtaba-khamenei.html
Trump tariffs: Martin Heinrich bill would give families tax rebate for higher import costs,"sen.martin heinrich, d-n.m., introduced a bill thursday to create a newtax rebatefor individuals and families hit by the cost of presidentdonald trump's now-defunct ""reciprocal tariffs."" the bill, dubbed the ""tariff refunds for working families act"" and shared exclusively with cnbc, is part of the escalating effort by democrats to capitalize ontrump's tariff agendaahead of the2026 midterm elections. polls indicate the levies have become increasingly unpopular, with economically anxious voters expressing concern about affordability as democrats vie to rip control of congress away from republicans. ""the president may call the affordability crisis a 'hoax,' but working people feel it every time they pay for groceries or everyday essentials,"" heinrich said in a statement. ""this bill will return the money lost to trump's tariffs back to the people who paid the price."" fifty-five percent of voters in a recentnbc news pollsaid trump's tariffs have hurt the economy. only 33% said the tariffs helped the economy. democrats led the congressional ballot by 6 points in that poll, which also found 62% of voters disapproving of trump's handling of inflation and the cost of living. tariffs have had aninflationaryimpact on the economy, according to economists. thesupreme court, in a 6-3 ruling feb. 20, overturned a wide swath of trump's tariffs, finding he improperly invoked the international emergency economic powers act to impose the most prominent piece of his economic agenda. courts are weighing how to pay back importers the billions of dollars in tariff revenues they paid to the federal government. the retail warehouse giantcostco, one of hundreds of companies suing for refunds, on wednesday was itself sued in a would-be class-action complaint seeking refunds for customers who bought products subject to tariffs. trump on wednesday shifted tactics on keeping higher tariffs in place, launching investigations into key trading partners including china, mexico and the eu undersection 301of the trade act of 1974. heinrich's bill would tap the$166 billion collected by the tariffsto fund the new rebate. the rebate would pay joint filers making under $180,000 annually $1,200. head of household filers making less than $120,000 would receive $600. single filers making less than $90,000 would also receive a $600 rebate. an additional $600 would be paid for each dependent child. that means a family of four filing jointly that makes less than $180,000 would receive a rebate worth $2,400. sen. josh hawley, r-mo., in july introducedlegislation similar to heinrich'sto compel refunds for higher tariffs costs to individuals and families. heinrich's legislation would link the refund to the tariff revenue conceptually rather than in a binding fashion, meaning refunds could still be paid out to importers who paid the tariffs collected by the federal government. even so, heinrich said tariff refunds should go to families who paid higher costs rather than large corporations. ""president trump's illegal tariffs have cost new mexico families an average of $1,355,"" he said. ""this is money that belongs to working families — not the ceos of walmart or amazon or any other big corporation."" the bill would also prohibit checks sent out for the rebate from including trump's name. trump famously included his name on covid-19 economic stimulus checks. heinrich, the top democrat on the senate energy and natural resources committee, has recently made several splashy endorsements of senate candidates ahead of the midterms — bucking senate minority leaderchuck schumer's picks. introducing legislation to highlight the tariffs' costs can be a political talking point for him this year. he endorsed oyster farmer and veteran graham platner in maine over schumer's choice of gov. janet mills, along with the state sen. mallory mcmorrow in michigan. mcmorrow said she won't support schumer for leader if she's elected. heinrich has also sponsored a number of other bills that would pare back trump's tariff authority. he's joined on the bill by sens.ruben gallego, d-ariz., chris van hollen, d-md., andchris coons, d-del. correction: chuck schumer is senate minority leader. an earlier version misstated his title.",earnings,negative,CNBC,2026-03-12T17:37:48,https://www.cnbc.com/2026/03/12/trump-trade-tariffs-tax-rebates-martin-heinrich-2026-elections.html
Housing affordability bill clears Senate as investor ban creates headaches,"thesenateon thursday passed the largesthousing affordabilitybill in 30 years, including a ban on investors from buying single-family homes, with a 89-10 vote. but the bill faces an upward battle in the house, whichpassed its own bipartisan legislationin february. house gop leaders have already said the measure will need to be negotiated, suggesting they will not take up the senate-passed bill. house minority leadersteve scalise, r-la., earlier this weektold fellow house republicans in a closed-door meetingthat the measure is likely to bog down over differences between the two chambers' versions. one of the biggest issues is a ban on investors and companies from buying single-family homes if they already own 350 or more. companies that add to the housing supply through building or serious renovations would be able to own more homes, but would need to sell those homes after no more than seven years. that provision was not initially in the senate bill, or in the bill the house-passed, but presidentdonald trumpchampioned the ban andindicatedhe wouldn't sign a bill without it. numerous industry groups, including the national association of home builders, mortgage bankers association and national housing conference said in aposition statementthat the seven-year limit would eliminate production of build-to-rent housing and ""would take hundreds of thousands of housing units off the market over the next decade, many of which would serve lower- and middle-income households."" sen.elizabeth warren, d-mass., supported adding the institutional investing homeownership limit and said it would protect consumers. ""they can also build as many apartment houses, as many condo complexes, as many triplexes as they want,"" warren said in an interview thursday with cnbc. ""but there's a point of principle here, and that is that private equity cannot come in and buy up all of the housing supply in america. homes should be for families, not for giant corporations."" that view was not universally shared, however. sen.brian schatz, d-hawaii, who voted against the bill, said the 350 homes cap is ""bananas"" and would ultimately result in a ban on rental housing. schatz, like warren, has a liberal voting record. ""i don't think people are clocking how bad this is going to be on the supply side,"" he said, adding that it will ""screw up"" the single family and duplex rental market.",earnings,positive,CNBC,2026-03-12T16:33:02,https://www.cnbc.com/2026/03/12/housing-bill-affordability-investor-ban.html
"EV maker Lucid reveals plans for robotaxi, positive free cash flow late this decade","in this article new york —lucid groupexpects to be cash flow positive late this decade as it plans to grow its vehicle lineup and significantly increase its software and technology offerings, the all-electric vehicle maker announced thursday during its first investor day in nearly five years as a public company. the ev company aims to accomplish positive cash flow generation through market expansion intomidsize vehiclesandrobotaxis, as well as international expansion in markets such as europe and saudi arabia. it also expects to achieve efficiency gains and software revenue growth with the introduction of improvedadvanced driver assistance systemsand a new lucid artificial intelligence assistant, executives told dozens of investors and wall street analysts on thursday. shares of lucid were off roughly 6% to 8% during much of the event despite the company giving its most detailed product and expansion plans to date, highlighting the tough market conditions for ev companies. lucid's cash flow target is challenging given the automaker's current performance andwaning demandfor evs in the u.s. while lucid has been able to increase sales and narrow losses, the company lost $2.7 billion on revenue of $1.35 billion in 2025. it had negative free cash flow of $3.8 billion in 2025, a loss that was roughly 31% larger than a year earlier. lucid interim ceo marc winterhoff — who unexpectedly took over for companyfounder peter rawlinson last year— said the company's ""north star"" is ""accelerating to profitability,"" reiterating the investor event's theme. he and other executives declined to disclose an exact year the company aims to be cash flow positive. the automaker has been trying to increase investor interest in the company as it prepares tolaunch a new midsize vehicleat the end of this year. its largest shareholder, saudi arabia's public investment fund, has also changed its investment strategy in the company from capital investment to revolving credit. lucid on thursday said it expects to achieve roughly $1 billion in annual incremental, non-vehicle revenue through services such as recurring software subscriptions by later this decade. it also previewed plans for a two-seat robotaxi, including a design concept car, but it did not specify a timeframe for the vehicle. company executives spent a significant amount of the event discussing lucid's upcoming driving technologies, including robotaxis, and plans to launch a subscription service by early 2027 that will range from $69 to $199 a month, based on capabilities. ""autonomy plays an outside role in the future of lucid,"" said kay stepper, lucid vice president of advanced driving systems, adding that the company plans to offer vehicles capable of driving themselves under certain circumstances by 2029. winterhoff and uber president and chief operating officer andrew macdonald on thursday announced they are planning to expand apreviously announced tie-upfor robotaxis to include upcoming midsize vehicles. expansion into midsize and autonomy is expected to significantly increase lucid's total addressable market, or tam, from $40 billion for itscurrent air sedan and gravity suvto $700 billion, executives said thursday. winterhoff said he sees the company's autonomy technologies essentially growing to matchtesla's current fsdby next year. lucid on thursday said it plans to produce three midsize vehicles, starting with a vehicle called cosmos this year, followed by a model called earth and an unnamed vehicle during an unspecified time frame. ""we think these three unique products will give us maximum opportunity to hit the widest audience possible. and that audience is where we are today, but it's a different audience than our current market,"" said derek jenkins, lucid senior vice president of design and brand. the three midsize vehicles are targeted at upscale buyers, younger ""trendsetting achievers"" and outdoor enthusiasts, jenkins said. the last would be a direct competitor to fellow ev competitorrivian automotive, which is expected to release a newr2 midsize vehiclethis spring, beginning with a roughly $58,000 version of the vehicle. lucid has said its midsize vehicle is expected to begin at roughly $50,000. that would position it in line with the average transaction prices of new vehicles in the u.s. as well as entry-level models ofrivian's r2. both rivian and lucid areattempting to reassure investorsthat they can not only compete in a troubled ev market but thrive through the expansion of new vehicles and technologies to better compete against u.s. ev leadertesla. lucid said its new midsize ev platform will be class-leading in efficiency, something the company has strived to do with all its vehicles. both have touted having enough capital to get them through near-term initiatives but their long-term viability is still a major question for investors. lucid has said its total liquidity of $5.5 billion, including a roughly $2 billion delayed draw term loan credit facility from saudi's pif, is enough to get through the first half of 2027. rivianended the fourth quarterwith $6.59 billion in total liquidity, including nearly $6.1 billion in cash, cash equivalents and short-term investments, as the company attempts to ramp up production this year of its midsize vehicle and new autonomy technologies.",earnings,neutral,CNBC,2026-03-12T17:20:01,https://www.cnbc.com/2026/03/12/lucid-investor-day.html
"These charts show the size of Europe's defense boom, as companies take stock of the Iran war","in this article italian defense firmleonardosaid it is ""positioned on a path of strong growth"" on thursday, as european defense companies stand to gain business from the war in iran, as they have been boosted by the war in ukraine. leonardo unveiled plans to double profits by 2030, the day after german peer arms makerrheinmetallforecast itssales could grow as much as 45% this year, as both companies have record-high order backlogs. leonardo ceo roberto cingolani told investors that war was ""getting faster and more dangerous,"" and warned of the rise of hybrid threats that ""increase uncertainty and operational complexity."" rheinmetall said that it was in a ""prime position"" to arm the u.s. amid the war in iran, with ceo armin papperger telling investors that ""over the next 10 years, there is a huge need"" for its products. rheinmetall shares fell 8% after the guidance, which was described as ""realistic but soft"" by a jefferies analyst, who added investors had high expectations for a share price that has risen 1,700% since the start of 2022. the war in iran, which has entered its 13th day, has renewed focus on defense companies, which are seeing increased demand regardless of their specific focus within the sector. leonardo is positioning itself as a digital defense player, investing in defense electronics and interconnected platforms such as the ""michelangelo dome,"" which can detect and neutralize air threats similar to israel's iron dome. rheinmetall is a leading supplier of land systems like tanks and ammunition. sweden's saab specializes in fighter jets, while britain'sbae systems, the largest of the european defense firms by sales and market cap, has a broad portfolio of military equipment from nuclear submarines to the eurofighter typhoon jet. annual revenue for rheinmetall, leonardo, bae systems, france'sthales, germany'shensoldt, and saab rose an average of 57% between 2021 and 2025. these companies also saw big increases in their order intake, an indication of future sales, over the same period. rheinmetall and saab have seen the most explosive growth of 323% and 284%, respectively, based on unaudited 2025 figures. on average, order intake grew 135%. thales' order intake grew 27% between 2021 and 2025. barclays analysts earlier this week upgraded their recommendation on leonardo to overweight from neutral, saying that the u.s.-iran conflict helps the narrative of a booming defense sector in the short-term, but leonardo has greater earnings momentum relative to peers. its diversified portfolio and low exposure to ukraine also offer resilience to potential impact from a cease-fire, they added.",earnings,positive,CNBC,2026-03-12T16:12:57,https://www.cnbc.com/2026/03/12/defense-stocks-leonardo-rheinmetall-stock-rhm-ldo-iran-war-ukraine.html
Fed chair pick Kevin Warsh meets with more senators as Thom Tillis blockade continues,"federal reservechairman nomineekevin warsh's chances of getting quickly confirmed by the senate looked as gloomy as the weather in washington on thursday as he met with more senators in a bid to bolster his chances. ""it doesn't look like such a nice day today,"" warsh quipped to a cnbc reporter in the hart senate office building, as heavy rain poured outside, on his way to a chat with sen. mike rounds, r-s.d. ""things are progressing well, good to see you,"" warsh said when asked how the meetings were going. warsh's nomination by presidentdonald trumpis bogged down because ofan effective blockade imposed by sen. thom tillis, a north carolina republican who sits on the banking committee. that panel is the first hurdle for would-be fed board members such as warsh. tillis has vowed to vote against passing along warsh's nomination or any other fed nominee to the full senate for a confirmation vote as long as a criminal investigation into fed chairjerome powellremains in progress. powell has said the criminal probe by the department of justice is the result of him and other fed board members refusing to cut interest rates as quickly and as drastically as trump has demanded. tillis' stance could prevent warsh from getting a vote by the senate to confirm him as head of the central bank until he retires at the end of his term in january. @",leadership_change,neutral,CNBC,2026-03-12T18:07:06,https://www.cnbc.com/2026/03/12/fed-kevin-warsh-trump-thom-tillis-senate.html
"Trump-backed SAVE America Act will get a Senate vote next week, Thune says","senate majority leaderjohn thune, r-s.d., on thursday said he would bring the save america act to the senate floor next week. thevoter-id billbacked by presidentdonald trumpwould require proof of citizenship to register to vote and photo id to cast a ballot. for months trump, gop hardliners and online influencers likeelon muskhave railed against opponents of the bill and called repeatedly for a change to the senate filibuster rule to ensure passage in the upper chamber. thune supports thelegislationbut has rejected those calls, saying changing senate procedure could have unintended consequences. speaking from the senate floor thursday, he made no mention of changing the chamber's rules, all but assuring the proposal will not pass. ""i can't guarantee an outcome on this legislation, but i can guarantee that we are going to put democrats on the record,"" thune said. the house last monthadvanced the save america acton a mostly party-line vote. rep.henry cuellarof texas was the lone democrat to support the measure. most democrats and voting rights activists argue the save america act would disenfranchise millions of voters and make it harder for women, minorities and young people to cast a ballot. republicans, meanwhile, point topublic pollingthat shows voter id and barring noncitizens from voting -- which is already a illegal in federal elections and happens rarely --- are popular proposals. ""it is a package of common sense policies, the kind of common sense policies that should get an automatic yes vote from literally every member of this body,"" thune said on thursday. anticipating the bill's failure in the senate, sen.mike lee, r-utah, who introduced the legislation, and other proponents have engaged in apressure campaignto revert back to a ""standing filibuster,"" which requires dissenting members to actively hold the senate floor to block legislation and could, in theory, allow for the passage of the bill with a simple 50-vote majority. republicanshold a 53-47 majority in the senate, and democrats have vowed to oppose the bill. others, like rep.anna paulina luna, r-fla., have suggested theonly way to passageis to tack the legislation to some other must-pass bill, like the reauthorization of the foreign intelligence surveillance act, which congress isexpected to take up next month. trump, meanwhile, has beenlaser-focused on electionsahead of the 2026 midterm elections that will shape the final two years of his presidency. he suggested earlier this year that republicans should""nationalize"" elections, threatened to impose voter-id requirementsby executive orderand, on sunday, said he would not sign any bills that reach his desk until the save america act is passed. ""it must be done immediately. it supersedes everything else. must go to the front of the line,"" trump said in atruth social poston sunday. ""i, as president, will not sign other bills until this is passed."" he brought up the save america act on wednesday during an appearance at a packaging facility in kentucky, saying ""all voters must show voter id"" and calling for an end to mail-in ballots except in limited circumstances.",leadership_change,positive,CNBC,2026-03-12T15:59:33,https://www.cnbc.com/2026/03/12/trump-save-america-act-senate-2026-elections.html
Microsoft top Office executive Rajesh Jha retiring after more than 35 years,"in this article microsoftsaid thursday that rajesh jha, the software vendor's highest-ranking executive supervising office, is retiring in july after more than 35 years at the company. jha's departure is a significant loss for microsoft as the company tries to both collaborate and compete with generative artificial intelligence model developers anthropic and openai, and comes less than a month after microsoft announced the retirement of longtime gaming chiefphil spencer. under jha, microsoft has incorporated models from the two hyper-growth startups into the 365 copilot add-on for widely used microsoft 365 commercial subscriptions. ""when i think about the pantheon of leaders who have truly shaped this company, rajesh stands firmly among them,"" microsoft ceosatya nadellawrote in a memo. ""he embodies the commitment that helped build and transform microsoft into the company it is today, and it is on the strength of that foundation that we will continue to move forward."" four leaders who have worked with jha's experiences and devices group will report to nadella, jha said in amemo to employees. that includes linkedin ceoryan roslansky, who took on additional responsibility for office applications and the m365 copilot ai app last year, andpavan davuluri, who's in charge of surface devices and windows operating systems. charles lamanna, the president of business and industry copilot, will also report to nadella, as will perry clarke, president of microsoft 365 core. jha also said jeff teper, a 34-year company veteran who is president of microsoft 365 collaborative apps and platforms, is becoming an executive vice president. two other office executives, sumit chauhan and kirk koenigsbauer, are being elevated to president titles. ""our intent in taking this approach is to minimize changes and not lose the great momentum we have,"" jha wrote in his own memo. he said employees should maintain their intensity around copilot and cybersecurity efforts. microsoft 365 commercial cloud revenue increased 17% and accounted for over 30% of overall sales in the december quarter. the windows and devices segment was down slightly and accounted for less than 6% of total revenue. on monday, microsoft said it would release a top-of-the-line $99 per monthmicrosoft 365 e7subscription that includes copilot. before taking on one of the largest teams of engineers at the company, jha contributed to microsoft works releases, multimedia technology and led teams focusing on exchange, sharepoint, project and outlook products, according to abiographyfrom the indian institute of technology madras, where jha studied computer science. watch:microsoft backs anthropic in pentagon blacklist battle, urges temporary restraining order",earnings,negative,CNBC,2026-03-12T17:00:35,https://www.cnbc.com/2026/03/12/microsofts-top-office-executive-rajesh-jha-retiring-after-35-years.html
Why gold hasn’t moved since the Iran conflict — and where it could go next,"in this article goldsurged during the 12-day war with iran last year and then gave up its gains when a ceasefire was announced. but, two weeks into the latest conflict, its price remains largely unmoved. gold rosefrom $5,296 to $5,423 per troy ounce after the u.s. and israel launched strikes on iran on feb. 28, aligning with the axiom that geopolitical turmoil pushes investors toward traditional ""safe haven"" assets. but a sell-off saw prices fall more than 6% to $5,085 on march 3. this week, as the conflict has escalated, it has traded between $5,050 and $5,200. spot gold was last seen trading at $5,175 per troy ounce. several factors can explain the lack of upward momentum, including a stronger dollar and higher treasury yields, according to ross norman, ceo of precious metals websitemetals daily. norman added that rising oil prices could lead to prolonged inflation and potentially higher interest rates as central banks struggle to contain the fallout from a closure of the strait of hormuz, the critical maritime corridor for oil and gas. higher rates tend to increase the relative appeal of yielding assets such as government bonds versus non-yielding precious metals like gold. ""gold and silver's price movements look lackluster just now, but perhaps that's the way to feel after some epic moves over the last few months,"" norman told cnbc by email. he added that some institutional investors have become nervous about holding bullion because it has been unusually volatile. another explanation is that conflicts trigger a wave of panic selling among investors, causing a ""flush"" where traders are forced to sell their positions as prices fall, according to amer halawi, head of research at al ramz. ""if there is a liquidity crunch, everything would be sold until people make sense of this and the right assets get refocused,"" he said, speaking to cnbc's ""access middle east"" on tuesday. ""traditionally, when there is a shock, even gold sells off and picks up later."" bank forecasts remain bullish despite the short-term volatility. j.p. morgan predicts prices will reach $6,300 per ounce by the end of 2026, while deutsche bank is standing by a $6,000 year-end target, per their recent notes.",leadership_change,positive,CNBC,2026-03-12T14:43:09,https://www.cnbc.com/2026/03/12/gold-iran-conflict-where-next-markets.html
Art and classic car auctions top $600 million despite Iran war,"a version of this article first appeared in cnbc's inside wealth newsletter with robert frank, a weekly guide to the high net worth investor and consumer.sign upto receive future editions, straight to your inbox. global collectors shrugged off the stock market declines and the war in iran last week to spend more than $600 million on classic cars and fine art, signaling continued strength at the top of the economy. last week's art sales in london topped $550 million, up over 50% from last year, according to sotheby's, christie's and phillips auction houses. some works sold for more than twice their estimates and records were set for several artists, with bids pouring in from 40 countries. also last week, at the amelia island concours in florida, broad arrow auctions hosted the most successful auction ever at amelia, totaling $111 million. the sale, which included a $15 million 2003 ferrari enzo and a $6.7 million 2005 porsche carrera gt, followed a strong auction a week earlier by rm sotheby's at modamiami that reached $74 million. the strong results in both art and classic cars, stretching from london to florida, show continued confidence among wealthy consumers even as volatility picks up and oil markets surged on the outbreak of war in the middle east. experts say the global turmoil may have even helped demand for rare collectibles, as the wealthy search for safe, long-term stores of value in an increasingly uncertain world. ""it's surprising, yet not surprising,"" said drew watson, head of art services at bank of america. ""it's surprising with all that's going on geopolitically. but when times are uncertain, and i think we're in a broader era of uncertainty, people go with the tried and true."" the strong prices continue a rapid rebound in collectibles markets following two years of declines. in 2023 and 2024, art auction totals fell by 40% from their 2022 peak, despite soaring stock markets and falling interest rates. president donald trump's tariff announcement in april last year only added to the gloom. by late summer, however, collectibles sprang back to life. the classic car auctions at monterey and pebble beach in august topped $430 million, marking the second-highest total ever. the next month, a sotheby's sale in london of the collection of british socialite pauline karpidas fetched $135 million, soaring past its estimate. the strength continued in paris and the big new york sales in november, followed by big crowds at art basel miami in december. kenneth ahn, president of broad arrow, said the wealthy today seem to have become inured to the chaotic headlines and market gyrations. ""i don't know if desensitization is the right word,"" ahn said. ""but leading up to this, we've had russia, which has been going on for a while, and the market has been fluctuating. what the market has done is effectively shut out those concerns as noise."" ahn said the current era of classic car collectors differ dramatically from those of the past. previous buyers, mainly baby boomers, were highly sensitive to market swings and economic cycles. he recalled a sale in monterey in 2019 days after the stock market fell 400 points and bond yields were signaling recession. ""i had a client walk into the auction room and say 'i just lost 30 million bucks over the last two days of my portfolio. i'm not sure if i need to bid on this car right now,'"" he added. ahn said today ""feels different."" despite the market volatility and uncertainty, ""there's still this incredible optimism in the car market,"" he said. the reasons vary. oliver barker, sotheby's lead auctioneer and chairman of sotheby's europe, attributed the market's strength to the ultra-rare works being offered for sale. ""i think it's a function of the quality of the material that the market is seeing at the moment,"" barker said. ""for savvy collectors, this is such an incredible opportunity to acquire rare-to-market and highly qualitative examples."" a lack of supply, not demand, has been the main source of weakness in the art market, many say. after christie's blockbuster $1.5 billion paul allen sale in 2022, which included famed works by cezanne, van gogh and gauguin, few mega-collections came up for sale in 2023 and 2024. last fall, big estates returned. the sale of works from the collection of leonard lauder at sotheby's included a raregustav klimtthat sold for $236 million, making it the second-most expensive work ever sold at auction. the sales in london last week included celebrated british works from the collection of joe lewis, the u.k. billionaire and investor. a self-portrait by francis bacon went for $21.5 million, doubling its low estimate. a painting by leon kossoff, called ""children's swimming pool, 11 o'clock saturday morning, august"" sold for $7 million after a bidding war between 10 bidders. and at christie's, a sculpture by henry moore, titled ""king and queen"" sold for $35.2 million — a record for moore — after six bidders competed in the auction. barker and others said there's been a ""return to quality,"" meaning collectors are bidding up the best works by famous artists rather than buying more speculative works by younger, less established artists. the big brand names of the art world — picasso, monet, warhol — were all big drivers of prices last week. ""it's a perfect moment where there is a greater supply of great material, and there is also an extraordinarily hungry buyer class,"" barker said. ""we're seeing not only the depth of bidding that we've not experienced recently, but a much, much deeper depth of quality material."" another factor in the renewed strength of collectibles is a new generation of buyers. as the baby boomers slow their buying or sell their collections, gen xers, millennials and even some gen zers are stepping in. some are entrepreneurs and tech founders, while others have inherited their wealth as part of the $100 trillion great wealth transfer. while they're buying a broader range of collectibles, from sneakers and handbags to pokémon cards and sports memorabilia, they're starting to make purchases in the art and classic car markets. and they are adding to the buyer's pool. ""i do think we're very much in the middle of a generational transition,"" watson said. ""we have seen a lot of the collectors who have driven the postwar and contemporary market over the past couple of decades starting to age out. and we have the rising generational cohort moving in. "" the shift is most dramatic in the classic car market. a market once dominated by 1950s and 1960s sports cars has quickly become eclipsed by supercars of the 1990s and 2000s, favored by the new wave of younger collectors. while the trend started before the pandemic, it has accelerated in the past three years, ahn said. ""we've seen almost a parabolic move in prices for some of the modern hypercars and supercars over the past six months,"" ahn said. ""there is a seismic shift that's happening. it's the great wealth transfer: we're seeing it, we're feeling it. this is a huge emergence of successful entrepreneurs who exited their business in their 30s and 40s, or inherited enormous amounts of capital, and they are passionate about the cars they grew up with."" not all collectibles segments are benefitting from the rising spending. while ultra-contemporary art drove most of the post-pandemic recovery, sales by contemporary art dealers were stagnant in 2025, according to the art basel and ubs art market report. higher costs have also forced some galleries to close, even as buyers flock to auction houses and at fairs for older works by recognized artists. ""on balance, this year's data points to something more consequential than a return to growth,"" said noah horowitz, ceo of art basel. ""it reflects a sector adjusting to new economic realities, refining its models and strengthening its foundations for the long term."" yet with stock markets likely to remain volatile, and interest rates potentially falling, the financial backdrop for collectibles remains strong. add to that the fact that america's wealthiest 1% have seen their wealth nearly double since 2020, to over $55 trillion, according to the federal reserve, and experts say the bull run in the art and classic car markets is likely to continue. ""we're optimistic that a lot of that more positive sentiment, at least in the art market, will continue,"" watson said.",earnings,positive,CNBC,2026-03-12T17:21:59,https://www.cnbc.com/2026/03/12/classic-car-art-auctions-results-wealth-resilience.html
"As Iran war heightens affordability issues, don't expect the Fed to 'ride in and save the day,' analyst says","in this article amid a war in iran, inflation pressures, a weakening job market and an uncertain outlook for tariff policy,federal reserveofficials will meet next week and announce a decision on interest rates. the federal funds rate, set by the federal open market committee, is the rate at which banks lend to one another overnight, but it also has a trickle-down effect on many consumerborrowing and savings rates. for now, experts think the central bank will stay on hold. futures market pricing is implying almost no chance of a rate cut, according to the cme group'sfedwatchgauge. ""fed officials will sit on their hands until they get some clarity around how the war with iran is playing out and which of its mandates, low and stable inflation or full-employment, is most in jeopardy,"" said mark zandi, chief economist at moody's. ""that could take weeks, if not two to three months."" for consumers caught in the crosshairs, that means there will be little relief to come. ""anyone expecting the fed to ride in and save the day anytime soon is likely going to be disappointed,"" said matt schulz, chief credit analyst at lendingtree. in the meantime, ""the attack on iran has made life more expensive and more uncertain for american households,"" said brett house, an economics professor at columbia business school. ""oil and gasoline prices have shot up, as have the yields on 10-year treasuries, which are the benchmark for mortgage rates."" the consumer price index, or cpi, a key measure of inflation, rose 2.4% in february from a year earlier, according to the latest reading by the bureau of labor statistics. but that was before theiran war, which caused energy prices to spike, feeding into longer-terminflation fears. higher oil prices couldcomplicate the inflation picturein the months ahead, economists say, as those increases filter through to airfares, shipping and other costs. brent crude futuresbriefly hit $100a barrel again on thursday, and the national averagegasolineprice climbed to $3.59 a gallon, up 22% from a month ago, according toaaa. inflationary pressures in the wake of thejoint u.s.-israel strikealso pushed the yield on the benchmark10-year treasury— the barometer for mortgage rates — up to 4.173%. ""nothing about this war is making life more affordable for average americans,"" house said. even if the war ends ""very soon,"" as presidentdonald trumphas said, and those spikes prove short-lived, when oil prices fall, gasoline prices may come down more slowly. economists call this the ""rockets and feathers"" effect, according to a wednesday research note by sung won sohn, professor of finance and economics at loyola marymount university and chief economist at ss economics. ""gasoline prices shoot up like a rocket but float down like a feather,"" he wrote. because fuel distributors buy gas from refineries and store it before selling it to consumers, they may still be unloading inventory purchased at higher prices long after crude supplies have stabilized. ""until that inventory is replaced with cheaper fuel, prices at the pump tend to fall gradually rather than immediately,"" sohn wrote. even before the expandingu.s. war in themiddle eastfueled inflation fears, thehigh cost of livingand a softeninglabor markethad created anaffordability crunchfor many u.s. households. the u.s. economylost jobsin february, and the unemployment rate edged up to 4.4%, the bureau of labor statistics reported friday. ""the federal reserve and the treasury department are likely examining options to ease the burden on households, though the available tools are limited,"" said certified financial planner stephen kates, a financial analyst at bankrate. ""the federal reserve's task has become more complicated,"" kates said. ""although the labor market showed signs of weakness in february, concerns about accelerating inflation are likely to keep the fed from cutting rates at either of the next two meetings."" subscribe to cnbc on youtube.",leadership_change,negative,CNBC,2026-03-12T18:08:20,https://www.cnbc.com/2026/03/12/iran-war-fed.html
Fears of 1970s-style stagflation arise with oil spike to $100. How big a threat is it?,"in this article with oil spiking to $100 a barrel and the job market essentially paralyzed, thethreat of stagflationagain is looming over the u.s. economy and financial markets. high inflation and slow growth present a double threat, as stimulative measures such as interest rate cuts and government spending only aggravate inflation. persistently higher prices in turn can put a damper on the labor market as well as the consumer spending that drives more than two-thirds of the u.s. economic engine. ""i have been concerned about the threat of stagflation for a long time, in part because there are so many different inflationary pressures on the economy,"" cme group chief economist erik norland said. ""you have huge budget deficits, inflation above target, and central banks are easing policy anyway. and then you add to that $100 per barrel oil."" markets were rattledagain thursday over the prospect of prolonged fighting in the middle east and ablockage of the strait of hormuz.brent crude, the international benchmark, briefly hit $100, while u.s. crude was up by about 8.5% at 10 a.m. et. the surge in energy costs came just less than a week after the bureau of labor statistics reported that theeconomy lost 92,000 jobs in februarywhile the unemployment rate edged higher to 4.4%. the weak jobs number followed a pattern of stagnant job growth that began in early 2025, raising fresh fears that the air had been let out of a strong growth spurt through most of last year. total job growth for all of 2025 — 116,000 — was 5,000 less than the monthly average for the prior year. at the same time,core inflationas measured through the federal reserve's preferred gauge last stood at 3%, a full percentage point above the central bank's target. a separate gauge, the consumer price index, indicated little change in inflation for february though still above the fed's target. the economy last saw an oil-induced stagflation jolt in 2022 following russia's invasion of ukraine, but even then it was nothing like the severe pattern in the 1970s. similar fears perked up when the trump administration leviedaggressive tariffsin april 2025. to be sure,multiple stagflation threatshave come over the years, mostly failing to materialize as the economy stabilized. for most economists and wall street strategists, the primary factor this time is duration. if the iran situation can be resolved in a few weeks, as president donald trump has promised, any stagflationary shock likely will be muted. oil futures are pointing to lower prices through the year, but that can be an unreliable guide to which way prices eventually head. ""higher oil prices, higher inflation, that leads to a shock,"" said jim caron, chief investment officer of portfolio solutions at morgan stanley investment management. ""but if oil prices stay up for long enough, then it becomes a growth scare, so then bond yields will start to come down. if bond yields are coming down because people are worried about growth, then you're in the stagflation mode."" bond yields have mostly risen during the iran crisis, indicating investors are pricing in an inflation scare from the oil price surge. similarly, markets are paring back expectations for federal reserve interest rate cuts, betting that the central bank will be more focused on defending its 2% inflation goal than it will boosting a labor market that is showing both a low level of hiring and firing. ""the us economy and stock market are stuck between iran and a hard place currently. so is the fed,"" wrote market veteran ed yardeni, founder of yardeni research. ""if the oil shock persists, the fed's dual mandate would be stuck between the increasing risk of higher inflation and rising unemployment."" yardeni said he has raised his odds of 1970s-style stagflation to 35% as the iran war ""is the latest stress test of the u.s. economy's resilience since the start of the decade."" most economists think the pass-through costs of rising oil to the rest of the economy are minimal. however, yardeni noted that rising fuel prices threaten to exacerbate food inflation as oil is used to make fertilizer. for their part, fed officials tend tolook through such gyrationswhen formulating policy. but extended pressures can influence policy. prior to the u.s.-israeli attack on iran, futures traders were pricing in june for the next fed rate cut, with at least one more before the end of year. that first cut has now been pushed out to september and no second reduction until late 2027. the implied fed funds rate by the end of the year is now 3.345% from its current 3.64%. ""this is probably the worst scenario for monetary policy, and we will probably hear the term stagflation repeated once again together with an 'iranian crisis,'"" wrote eugenio aleman, chief economist at raymond james. ""we don't think that this new scenario will make fed officials change their mind regarding monetary policy for now and that they will wait to get more data on the risks for their dual mandate between inflation and employment."" indeed, other economic signals outside of the labor market are fairly strong. the atlanta fed is trackingsecond-quarter gdp growthof 2.1% — significant step down from the prior three quarters but still fairly strong. reports last week indicated both the manufacturing and services sectors were in expansion during february, though january'sretail salesnumbers were down 0.2%. ""while $100 per barrel oil is unsettling for stocks, the inflation, stock market and earnings picture are each in a better position now than they were in march 2022, the last time that oil prices crossed $100 during the aftermath of russia's invasion of ukraine,"" carol schleif, chief market strategist at bmo private wealth, said in a note. ""the key here is the duration of the elevation in prices and the conflict itself. the shorter the duration, the more likely the impact would be temporary and the economy resilient.""",earnings,positive,CNBC,2026-03-12T14:53:27,https://www.cnbc.com/2026/03/09/fears-of-1970s-style-stagflation-arise-with-oil-spike-to-100-how-big-a-threat-is-it.html
Gig workers feel pain at the pump as gas prices hit 21-month highs,"in this article for more than a decade, alvaro bolainez has ferried passengers around the los angeles area in his suv as aridesharedriver. he's never seen anything like what's happened withgasthis month. ""it's changing so quick,"" bolainez told cnbc. ""it's insane."" in bolainez's eyes, it feels like prices at the pump have skyrocketed ""overnight"" following theu.s.-israeli strikesoniran. bolainez has tried to avoid shorter rides to ensure he's turning a profit as a result. in a facebook group, he shares tips from his years driving for a living to help others navigate this shift. bolainez is part of a network of millions of americans offering services like making deliveries or ride hailing as a source of income. because thesegig-economyjobs typically require acar, the workers are acutely feeling the impacts of the rapid surge in oil prices. ""we have no choice,"" bolainez said. ""if we don't drive, we won't be able to afford to pay rent or pay bills."" the average price of unleaded gas jumped 22% over the last month to about $3.59 per gallon on thursday, according toaaa. the national average is at its highest level since may 2024. prices last week recorded their biggest three-day increase since hurricane katrina ravaged new orleans more than two decades ago, bespoke investment group found. this month, gas has seen its steepest 10-day spike on record, according to kevin gordon of the schwab center for financial research. ""for a segment of gig workers, increasing gas prices are not only immediately painful, but also can sort of inject some fear in their day to day,"" said elizabeth renter, senior economist at financial education platform nerdwallet. bolainez isn't the only one in the gig economy world racing to adapt as costs climb. adrian mussio, a food courier on platforms likedoordashandubereats, is similarly doing mental calculations to ensure she's making the most profit on trips. she's reminded friends that tips matter more when pump prices pop. the pennsylvania resident began searching for online gig jobs to tide her over financially if costs remain elevated longer term. at the same time, she's trying to walk rather than use her car for personal matters like heading to a convenience store. when mussio has filled her tank recently, she's scoured apps likegasbuddyfor the lowest prices and cashes in grocery store loyalty points for oil credits when possible. ""i believe we're in this for a good while,"" mussio said. ""we have to adjust."" gasbuddy's daily active user count has more than doubled over roughly the last week and a half, according to patrick de haan, the company's head of petroleum analysis. users are spending over 30% additional time on the app in that period, which de haan said signals they're thinking more about prices. there's reason to believe relief may not be coming immediately.crude oilremains volatileas the u.s.-iran war brews. meanwhile, the busyspring break travel periodand switch to costlier summer-blend oil usually brings price increases. gasbuddy's de haan told cnbc on wednesday that there's a roughly 55% chance of the average gallon price reaching $4. if prices don't retreat soon, some gig workers are making plans to — or hoping the companies they independently contract for — implement significant policy changes. bolainez, who serves as vice president of advocacy grouprideshare drivers united, said he would like to see platforms institute anadditional gas surcharge. several companies rolled out this type of policy as gas prices soared to all-time highs above $5 per gallon in the aftermath ofrussia's invasion of ukrainein 2022. a doordash spokesperson told cnbc that the food delivery platform offers a suite of discounts for drivers. uber,lyft,instacartand grubhub did not respond to cnbc's inquiry about resources or potential policy changes for drivers. for her one-person wash-and-fold laundry business, ashley manka is behind the wheel as much as two hours each day. the 33-year-old texan is considering adding a $5 fee to longer-distance pickups to mitigate elevated gas prices. ""everybody wants to keep costs low,"" manka said. ""whenever it's out of your control, it just gets really frustrating."" estimates of the app-based gig workforce's size vary, but goldman sachs found most credible studies project between 2% and 4% of the u.s. population holds such roles. this platform-based workforce has been estimated to grow between 5% and 8% annually over recent years, the bank said. temporary workers and independent contractors earned less per month than traditional employees, due in part to a lower average hour count, according to 2024 data fromadp. gig platform workers are more likely to be people of color, lower-income and under 30 years old,pew research centerfound in a 2021 survey. for these americans, the price at the pump is the latest challenge after a rocky past few years. auto insuranceprices and labor costs tied to repairs have boomed since the pandemic, said nerdwallet's renter. car parts may also be more expensive due to presidentdonald trump'stariffpolicy on many imports, she said. compared with the 2022 gas shock, gig drivers would likely have a harder time finding other employment opportunities given today'srelatively tighter labor market. on top of that, drivers using apps for work don't have the same ability to individually increase rates as other contractors when costs increase, according to lindsey cameron, an assistant professor of management at the university of pennsylvania. ""this type of work is deeply unstable,"" said cameron, who studies the gig economy. rising gas prices for drivers ""exacerbates their precarity."" shannon hillock, a freight dispatcher for owner-operators, sees the challenge truckers are facing with oil as a harbinger of what's to come for the country at large. from her perch in south dakota, hillock helps independent truckers negotiate jobs with companies. but she said the math has dramatically changed for these drivers: diesel prices have skyrocketed more than 35% in 2026, outpacing unleaded gas' 26% increase over the same period, according to a cnbc analysis of aaa data. ""high fuel prices are one of the most detrimental parts of the equation,"" said hillock, a family member of several truck drivers. ""your profits are being just sucked away at the fuel pump."" hillock sees the knock-on effects clearly. drivers, who she said are already operating on slim margins, will need to hike their rates to account for fuel's ascent. diesel has a 70% chance of hitting $5 per gallon, according to gasbuddy's de haan. as a result, hillock said consumers should expect to see those costs passed down in the form of higher price tags at the grocery store or in retail aisles. ""truck drivers are facing the brunt of it,"" hillock, 39, said. ""but it is something that they are not going to shoulder alone. every american is going to feel this."" the morning squawk newsletter by alex harring is your rundown of five things to know before the stock market opens. subscribe here to get access today.",earnings,positive,CNBC,2026-03-12T15:40:51,https://www.cnbc.com/2026/03/12/gig-workers-gas-prices-aaa-iran.html
Anthropic’s Claude would ‘pollute’ defense supply chain: Pentagon CTO,"defense department ctoemil michaelon thursday saidanthropic'sclaudeartificial intelligencemodels would ""pollute"" the agency's supply chain because they have ""a different policy preference"" that is baked in. ""we can't have a company that has a different policy preference that is baked into the model through its constitution, its soul, its policy preferences, pollute the supply chain so our warfighters are getting ineffective weapons, ineffective body armor, ineffective protection,"" michael told cnbc's ""squawk box."" ""that's really where the supply chain risk designation came from."" anthropicis the first american company to publicly be labeled asupply chain risk, an extraordinary move that's historically been reserved for foreign adversaries. the designation will require defense contractors and vendors to certify that they don't useclaudein their work with the pentagon. michael's comments on thursday are the clearest explanation the dod has offered about why it believes anthropic is a supply chain risk. the agency sent anofficial letterto notify the company about the designation earlier this month, but the letter did not outline what risk claude poses to national security. anthropicsued the trump administrationon monday, calling the government's actions ""unprecedented and unlawful."" anthropic said in a filing that the company was being harmed ""irreparably,"" and that hundreds of millions of dollars worth of contracts are in jeopardy. ""this is not meant to be punitive,"" michael said thursday. he added that anthropic has a ""huge commercial business,"" and that a ""tiny fraction"" comes from the u.s. government. michael also dismissed anthropic's claim that the government has actively reached out to companies and told them them not to use anthropic, calling the notion ""rumors."" ""the department of war is not reaching out to companies to tell them what to do, so long as it's not in our supply chain,"" he said. anthropicwas founded in 2021 by a group of researchers and executives who defected fromopenai. the company is best known for its family of claude models, and it's had early success selling intolarge enterprises, including the dod. the startup has drafted andpublisheda ""constitution"" that it uses to help train its mainline, general-access claude models. anthropic said the constitution plays a ""crucial role"" in this process, and that its content ""directly shapes claude's behavior,"" according to its website. anthropic shared the most recent version of claude's constitutionin january. ""in it, we explain what we think it means for claude to be helpful while remaining broadly safe, ethical, and compliant with our guidelines,"" anthropic said in a blog post. ""the constitution gives claude information about its situation and offers advice for how to deal with difficult situations and tradeoffs, like balancing honesty with compassion and the protection of sensitive information."" even after anthropic was blacklisted, the company's models have been used to support the u.s. military operation in iran, as cnbcpreviously reported.palantirceo alex karp told cnbc on thursday his company, which is a major defense contractor, is still using claude. michael said it will take time to transition to another vendor, and that the dod can't ""just rip out"" anthropic's technology overnight. he said the agency has a transition plan. ""this is not just outlook where you could delete it from your desktop,"" michael said. watch:watch cnbc’s full interview with department of defense undersecretary emil michael",leadership_change,negative,CNBC,2026-03-12T16:35:20,https://www.cnbc.com/2026/03/12/anthropic-claude-emil-michael-defense.html
Brent oil hits $100 after Iran's new supreme leader says Strait of Hormuz must remain closed,"in this article oil prices hit $100 per barrel thursday after iran's new supreme leader mojtaba khamenei said thestrait of hormuzmust remain closed to pressure the u.s., the latest sign the market may face a prolonged supply disruption. international benchmark brent crude futures traded 9.26% higher at $100.50 per barrel by 10:30 a.m. et. u.s.west texas intermediate futureswere up 9.79% to $95.79. mojtaba is the son of ayatollah ali khamenei, who was killed by the u.s. and israel in the opening strikes of the war. his comments come as attacks on commercial vessels in the persian gulf continue. energy secretary chris wright told cnbc earlier thursday that the u.s.navy is not ready to escort tankersthrough the strait yet. u.s. military assets in the region are focused on destroying iran's offensive capabilities, wright said. two oil tankers and a cargo shipwere struck off the coasts of iraq and the united arab emirates overnight, authorities said, the latest attacks in or near the strategically crucial strait. roughly a fifth of global oil supply passes through the strait, which links the persian gulf to global markets. the attacks on shipping came after the international energy agency announced its largest emergency release of crude reserves in history. the oil market shrugged off the stockpile release, highlighting traders' skepticism that the measure can bridge the supply gap triggered by the closure of the strait. ""as we have said repeatedly, the only way to see oil prices trade lower on a sustained basis is by getting oil flowing through the strait of hormuz,"" strategists at dutch bank ing said in a research note published thursday. ""failing to do so means that the market highs are still ahead of us."" the iea member countries agreed wednesday to release400 million barrelsof oil from their emergency reserves. the u.s. announced that it would release172 million barrelsfrom its strategic petroleum reserve as part of that effort. the record iea stock release will add needed volumes to the market, but it will only close up to a quarter of the supply gap tiggered by the closure of the strait, said saul kavonic, energy analyst at mst marquee. ""the iea decision also signals how acute the oil shortage risk is, suggesting the iea does not believe the war is [likely] to end soon, and stock draws now will need to be replaced later, portending higher prices even after the war ends,"" kavonic told cnbc. one key reason markets remain uneasy is uncertainty about how quickly the barrels will reach the market, said industry veterans. while the iea's announcement marked an unprecedented intervention, the agency did not provide details on how fast individual countries will release their reserves or how the oil will be distributed. it will take 120 days for the u.s. to complete the release of its barrels, energy secretary wright said. strategic stockpiles are held separately by each iea member country, meaning technical and logistical constraints could slow the flow of barrels. it could take 60 to 90 days before the oil meaningfully reaches the market which is not the immediate relief that traders wanted, said pavel molchanov, senior investment strategist at raymond james. ""four hundred million is a big number,"" molchanov said. ""but this is the largest oil supply disruption since at least the 1970s so we need a lot of oil, and we need it quickly,"" he said.",regulatory_action,negative,CNBC,2026-03-12T14:43:35,https://www.cnbc.com/2026/03/12/oil-prices-jump-iea-record-reserve-release-markets-doubt-relief.html
"Rivian's crucial R2 EV launch to begin with $58,000 model in spring","in this article rivian automotivewill launch sales of its crucial r2 all-electric vehicle this spring with a roughly $58,000 special edition model, the company announced thursday. the first of the r2 midsize vehicles will be a performance model with a ""launch package"" that includes a 330-mile range, dual motors, special attributes and ""lifetime"" access to itsautonomy+ advanced driver-assistance system. the vehicle will have 656 horsepower and 609 foot-pounds of torque, and is capable of accelerating from 0-60 mph in as quick as 3.6 seconds. rivian has been touting a less expensive, entry-level version of the vehicle, starting at $45,000, but it said that model, which is expected to be less profitable, won't be available until late 2027. its current vehicles start at more than $70,000 the r2 is considered a make-or-break moment for rivian after the company haslost billions of dollarsand seen waning demand for its current vehicles: the r1 suv and pickup and an electric delivery van. the r2, from an exterior perspective, is essentially a smaller version of the r1 suv, but the company has reworked the vehicle's software, electrical system and parts in an attempt to make it more efficient and profitable. rivian founder and ceo rj scaringe has promised investors that the r2 will be a turning point for the company's profits, sales and technologies. the ev maker is also aiming to launch hands-free, eyes-off driving to better compete against u.s. ev industry leadertesla. ""r2 is the key transition vehicle for rivian to transform into a scaled auto manufacturer, which in turn helps drive operating leverage across the business (including r1),"" said morgan stanley analyst andrew percoco. morgan stanley noted that while it's bullish on long-term demand for the r2, it remains more ""cautious in the near-term"" as the company transitions to its third-generation electrical architecture that will debut on the new vehicle. others, such as barclays, have questioned the demand for the r2, which rivian has said is expected to anchor its current plant in normal, illinois, as well as an upcoming, multibillion-dollar plant in georgia that's expected to be capable of producing up to 400,000 vehicles a year. ""there is increasing uncertainty on r2's volume outlook following the recent negative policy developments (i.e. $7.5k ira credit expiration, reduced reg credits, tariff costs), with r2 likely launching in a period of weak us ev demand,"" barclays analyst dan levy said in an august investor note analyzing potential demand for the vehicle. in addition to changing federal regulations, such as theend of up to $7,500 in federal tax credits, the r2 comes to market as many automakers are pulling back their ev plans or writing off billions of dollars in losses amidslower-than-expected adoptionof the vehicles. analysts have also significantly lowered expectations for market share growth in the years ahead. scaringe has said the company expects the r2 to not only compete with evs such as the tesla model y — the bestselling ev globally — but also traditional gas-powered vehicles. the r2 is comparable to the model y in many key areas. it's similar in size, mile range and its acceleration time. the model y, however, starts at roughly $40,000 and already offers many of the driving technologies rivian is attempting to accomplish with the r2. ""r2 is an exceptional vehicle and i believe will be a game changer for our customers, our company and the industry,"" scaringe said last month during a call with investors on the company'squarterly earnings results. ""r2 is an extension of the experience we delivered in r1 with design elements and performance to inspire adventure but in a smaller form factor and, importantly, at an attractive lower price point."" shares of rivian have been higher ahead of details of the r2 being released, buoyed by anupgrade by td cowen to buybased on a recent deep dive on demand trends for the new ev. scaringe described 2025 to investors last month as a ""foundational year"" for rivian, while saying 2026 will mark ""an inflection point"" for the company. rivian's 2026 guidance includes adjusted pretax losses of between $1.8 billion and $2.1 billion and capital expenditures between $1.95 billion and $2.05 billion. that compares with nearly $2.1 billion in adjusted pretax losses and $1.7 billion in capital expenditures last year. here are additional details rivian released thursday on its planned r2 lineup:",earnings,positive,CNBC,2026-03-12T17:47:38,https://www.cnbc.com/2026/03/12/rivian-r2-ev-launch.html
Warren Buffett: Cash is necessary 'like oxygen'—but it's 'not a good asset',"related stories whenwarren buffett stepped down as ceoof berkshire hathaway at the end of 2025, the company held an enormous stash of cash. berkshirereported more than $370 billion in cashequivalents on the books at year-end, largely held in treasury bills. it wasn't a matter of simply being more conservative with his investments in his old age, 95-year-oldbuffett told cnbc's becky quickin ""warren buffett: a life and legacy."" rather, he explained, it would take an enormous investment to move the needle in a portfolio of berkshire's size. and he hadn't been able to find an investment worth spending his large cash pile on. ""it's external circumstances,"" he told quick. ""believe me, if after we get finished talking you say, 'i've got a great $100 billion new idea.' i would say, 'let's talk.'"" all in all, buffett said he would rather be putting his money to work making more money. while the cash on the company's books brings in a modest amount of interest, buffett prefers productive investments, such as stocks, that can grow at a compounding rate over time above and beyond the rate of inflation. ""it's at certain levels necessary, but cash is not a good asset,"" he said. it's like oxygen for your portfolio, he added — cheap to obtain and necessary, if unexciting. essentially, buffett likes to keep some level of cash to pay obligations and as ""dry powder"" for any attractive acquisitions. ""you do need oxygen, and if you're ever without it for four or five minutes, you will learn,"" buffett said. ""and cash is that way. so you always need to have it available, because you do not know what will happen."" when he was running berkshire's immense portfolio, buffett's cash dilemma wasn't necessarily relatable to everyday investors — not many of us have more money than we can reasonably deploy. but the oracle of omaha's approach to managing cash is nevertheless in line with whatmany financial pros recommend for their clients. notably, buffett doesn't flee to the safety of cash or bonds when he believes the market is overvalued or that a crash is imminent. even though the cash position grew as he and berkshire waited for attractive opportunities, he said repeatedly that he'd prefer to be invested. ""berkshire shareholders can rest assured that we will forever deploy a substantial majority of their money in equities — mostly american equities although many of these will have international operations of significance,"" buffett wrote in his2024 shareholder letter. ""berkshire will never prefer ownership of cash-equivalent assets over the ownership of good businesses, whether controlled or only partially owned."" buffett said in that letter that periods of runaway inflation have, in the past, eroded the value of cash and left bonds in the dust. investable businesses, by contrast, ""will usually find a way to cope with monetary instability as long as their goods or services are desired by the country's citizenry,"" buffett wrote. indeed, from january 1975 through january 2026, the s&p 500 index rose by nearly 6,700% compared with a 524% increase in the consumer price index,according to data analyzed by charles schwab. in general, buffett has urged investors to invest regularly in a broadly diversified way over the long term. ""consistently buy an s&p 500 low-cost index fund,"" buffetttold cnbcin 2017. ""i think it's the thing that makes the most sense practically all of the time."" some level of cash, however, remains essential because no one — not even buffett — knows what will happen over the short term. ""i may have read every book in the public library, but i didn't find the answer then to the question of what the stock market is going to do next week or next month or next year,"" buffett told quick. financial advisors typically recommend that everyday investorsbuild and maintain an emergency cash reserveequal to three to six months' worth of expenses. that way, should an emergency arise — such as a job loss or a surprise medical bill — you can safely keep the rest of your financial life on track. want to improve your communication, confidence and success at work?take cnbc's new online course,master your body language to boost your influence. cnbc select is editorially independent and may earn a commission from affiliate partners on links.",leadership_change,negative,CNBC,2026-03-12T17:25:46,https://www.cnbc.com/2026/03/12/warren-buffett-cash-not-a-good-asset.html
"Palantir is still using Anthropic's Claude as Pentagon blacklist plays out, CEO Karp says","in this article palantiris still usinganthropic's claudeas theartificial intelligencestartup's clash with the pentagon plays out, ceo alex karp told cnbc thursday. ""the department of war is planning to phase out anthropic; currently, it's not phased out,"" karp told cnbc's seema mody atpalantir's aipcon 9in maryland. ""our products are integrated with anthropic, and in the future, it will probably be integrated with other large language models."" the department of defense officially designated anthropic a supply-chain risk last week, but isstill using claude modelsto support the war in iran, as cnbc previously reported. anthropic sued thetrump administrationon monday to reverse the supply chain risk designation and isseeking a stayon the dod action. this is the first time that palantir has commented since the pentagon's designation. anthropic and palantir partnered withamazonweb services to support thedodin 2024. other defense tech companies have told employees tostop using claudeas the clash plays out, includinglockheed martin. defense department chief technology officeremil michaeltold cnbc thursday that it would take time for the government to transition away from anthropic's models. ""you can't just rip out a system that's deeply embedded overnight,"" michael told cnbc's ""squawk box."" at the end of february,president donald trumplashed out at anthropic in a post on truth social, calling its staff ""leftwing nut jobs."" in the post, trump said federal agencies will have a six-month period to phase out the company's products. an internal pentagon memo sent by chief information officer kirsten davies last week said use of anthropic's tools may continue beyond the six-month period if deemed critical to national security. the memo,first reportedtuesday by cbs news, told senior leadership that exemptions will be considered for ""mission-critical activities,"" in rare circumstances where ""no viable alternative exists."" ""if we're in a conflict six months from now and we have a sensitive operation that we need to continue, obviously, we're going to make exceptions so we don't put current operations at risk,"" michael said thursday. ""but otherwise, six months is the plan.""",leadership_change,negative,CNBC,2026-03-12T15:16:30,https://www.cnbc.com/2026/03/12/karp-palantir-anthropic-claude-pentagon-blacklist.html
"Trump administration has scaled back oversight of student loan servicers, congressional watchdog finds","theu.s. department of educationhasscaled back its oversightof the companies that manage federal student loans, a new congressional watchdogreportfound. in february 2025, the department stopped ""assessing servicers on accuracy and call quality,"" according to the report from the nonpartisan government accountability office. that change occurred shortly before the trump administrationterminatedaround 50% of the education department's staff. without its evaluation of student loan servicers, the gao wrote, the education department ""can't be sure that borrower records are correct and servicers are giving borrowers quality information."" the office also said that borrowers could be placed into the wrong repayment status or overbilled as a result. ""instead of providing relief to 43 million americans who are drowning in student debt, the trump administration has made it harder for them to understand how much they owe and how long it will take to pay back,"" said sen. bernie sanders, i-vt., in a statement. sanders was among the lawmakers who requested the gao investigation. the education department did not immediately respond to a request for comment. the drop in oversight of student loan servicers comes as the trump administration is working to implementa massive overhaul of the lending system. president donald trump's one big beautiful bill acteliminates several affordable repayment plans and other relief. many borrowers are likely to have questions for their servicers amid the changes, or to need assistance navigating the new options, consumer advocates say. more than42 million americanshold student loans, and collectively, outstanding federal education debt exceeds $1.6 trillion, according to the congressional research service. the education department contracts with different companies to service its federal student loan portfolio. it pays these companies more than $1 billion a year to manage borrowers' accounts, according to higher education expert mark kantrowitz. the servicers process borrowers' loan payments, supply information to borrowers and help them access repayment plans and forgiveness opportunities. the federal student aid office at the education department managed the assessments of these student loan servicers. however, the trump administration has reduced the staff at the fsa to 777 people from 1,433, the gao said. student loan servicers have long faced criticism fromadvocatesandlawmakersfor misleading borrowers or failing to provide them with sufficient support. ""without oversight to ensure that loan servicers provide borrowers with correct information, borrowers may make decisions that negatively impact their finances, such as choosing the wrong repayment plan, not qualifying for forgiveness and defaulting on their student loans,"" kantrowitz said. the biden administrationwithheld$7.2 million in payment from servicer mohela in 2023for not sending timely billing statementsto 2.5 million borrowers, resulting in more than 800,000 borrowers becoming delinquent. in 2017, days before trump took office, the consumer financial protection bureausuednavient. it accused the then-servicer of steering student loan borrowers away from affordable repayment plans and into expensive forbearances, which caused manyto incur steep interest charges. navient stopped servicing federal loans in 2021 and, in 2024, reached a $120 million settlement with the cfpb. as part of that deal, the cfpb banned the company from ever again managing federal student loans. mohela and navient did not immediately respond to a request for comment.",regulatory_action,positive,CNBC,2026-03-12T18:14:20,https://www.cnbc.com/2026/03/12/student-loan-oversight-trump-gao.html
The two oil pipelines helping Saudi Arabia and UAE bypass the Strait of Hormuz,"in this article theeffective closure of the strait of hormuzhas abruptly thrust two alternative oil pipelines into the global spotlight, one in saudi arabia and another in the united arab emirates. the first is saudi arabia's east-west pipeline network, or petroline, a roughly 750-mile system that transports crude across saudi arabia, connecting abqaiq on the oil-rich kingdom's eastern gulf coast to the port of yanbu on the red sea. the east-west pipeline is estimated to have a total design capacity of 7 million barrels per day, following recent expansions, and saudi oil giant aramcosaidearlier this week that it expects the network to reach full capacity over the coming days. the second smaller pipeline is the uae's abu dhabi crude oil pipeline (adcop), or the habshan–fujairah oil pipeline. spanning around 248 miles from onshore oil facilities at habshan to fujairah, the pipeline isestimatedto handle 1.5 million barrels per day, with a reported total capacity of close to 1.8 million barrels per day. crucially, both alternate pieces of gulf infrastructure bypass the strait of hormuz, avital oil choke pointwhich has been blocked since the u.s. and israel launched strikes against iran on feb. 28. iran hasretaliatedby targeting ships trying to pass through the narrow maritime corridor, with several incidents reported in recent days. taken together, energy analysts said the east-west pipeline and adcop could help to partially offset the nearly 20 million barrels per day that typically transit through the strait of hormuz. the risk of infrastructure damage amid the sprawling middle east crisis, however, remains an ongoing challenge. ""saudi arabia and the uae are already increasing utilisation of pipelines that bypass the strait,"" naveen das, senior oil analyst at global trade intelligence company kpler, told cnbc by email. ""in the uae, we estimate the 1.5 mbd adcop pipeline is operating at 71% utilization, leaving around 440,000 [barrels per day] of spare capacity. adnoc can temporarily raise throughput to 1.8 mbd if required,"" das said. he added that the prospect of attacks on energy infrastructure across the country could limit this total capacity estimate. indeed, abu dhabi state oil giant reportedly closed its massive ruwais refinery in response to a fire at a facility within the complex, according to multiple media reports, citing unnamed sources. cnbc has contacted a spokesperson at adnoc and is awaiting a response. the uae's ruwais complex is estimated to be able to process 922,000 barrels of crude per day. ""with crude supply increasingly stranded in the gulf, refiners may soon be forced to adjust operations, curtailing runs as product exports stall and directing output solely to domestic markets,"" pankaj srivastava, senior vice president at energy research firm rystad energy, said in a research note. ""the uae's abu dhabi crude oil pipeline (adcop) allows crude exports to bypass the strait via fujairah, but refined products from the ruwais complex still largely depend on tanker routes that transit hormuz,"" srivastava said thursday. ""as a result, uae refineries may still need to adjust product exports or manage inventory build-ups if maritime flows remain restricted,"" she added. oil prices have beenextremely volatilesince the outbreak of the iran war last month, with global benchmark brent crude rallying to nearly $120 a barrel at the start of the week, before falling back to around $90. crude futures were last seen trading near $100 a barrel on thursday morning asfurther attackswere reported on ships in the persian gulf. ""the longer this conflict goes on, the more these storages fill up and there's nothing to do but production cuts,"" sasha foss, energy market analyst at marex, told cnbc's ""europe early europe"" on wednesday. he estimated that iraqi oil production had fallen by as much as 70% due to the iran war and warned that further production shut-ins could send oil prices even higher. ""when we see the likes of saudi arabia and uae trimming, that's when it is really going to hit global oil markets hard,"" foss said.",regulatory_action,negative,CNBC,2026-03-12T13:57:48,https://www.cnbc.com/2026/03/12/strait-of-hormuz-oil-pipelines-iran-war-saudi-arabia-uae.html
Dick's Sporting Goods issues weak profit guidance as Foot Locker merger weighs on bottom line,"in this article dick's sporting goodssaid thursday it saw a better-than-expected holiday quarter, but the retailer issued weak profit guidance for the year ahead as itsacquisition of foot lockercontinues to weigh on its bottom line. the company is expecting fiscal 2026 adjusted earnings per share to be between $13.50 and $14.50, weaker than the $14.67 analysts had expected, according to lseg. dick's said it expects foot locker to get back to both profit and sales growth during the year, but it's still doing the costly work of clearing through stale inventory and closing unproductive stores that it acquired during the merger last year. the company expects those efforts, along with other expenses associated with the deal, to cost between $500 million and $750 million. it said around $390 million of those costs were recorded in fiscal 2025, with more expected in the current fiscal year. in an interview with cnbc's sara eisen, executive chairman ed stack said the company is ""basically done"" with its efforts to rightsize the foot locker business. ""in retail you're never really done cleaning out the garage,"" said stack. ""anything else going forward is normal course of business."" dick's beat wall street's expectations on the top and bottom lines for the three months ended jan. 31. here's how the company did in its fiscal fourth quarter compared with what wall street was anticipating, based on a survey of analysts by lseg: dick's posted net income of $128.3 million, or $1.41 per share, a 57% decline from $299.97 million, or $3.62 per share, a year earlier. excluding one-time items related to its acquisition of foot locker, dick's posted adjusted earnings of $3.45 per share. sales rose to $6.23 billion, up from $3.89 billion a year earlier, when the business didn't include foot locker. six months ago, dick's acquired foot locker in a $2.5 billion deal, and the combined entity is now one of thelargest distributors of productsfrom key athletic brands likenike,adidasand new balance. the merger gave dick's an in with a new type of customer, allowed it to expand its international presence and gave it more negotiating power with brands at a time when athleticwear companies are less reliant on wholesalers. while the acquisition led to a 60% increase in sales during the fiscal fourth quarter, it also saddled dick's with a business that's underperformed for years and earns most of its revenue from a sprawling store footprint heavily concentrated in malls. since acquiring the business, dick's has worked to close poor performing stores. in fiscal 2025, it shuttered 57 stores globally across foot locker, champs, kids foot locker and wss. it's started a pilot program with 11 foot locker stores dubbed ""fast break"" that'll test changes in products and the in-store presentation. so far, dick's said the pilot has delivered ""standout performance"" through improved storytelling and presentation and a streamlined assortment. the retailer plans to expand the model later this year. before the acquisition, foot locker's former ceo, mary dillon, had been leading an aggressivestore transformation strategythat sought to move shops to off-mall locations and renovate existing doors with a refreshed concept. it's unclear if fast break will be different from the strategy foot locker already had underway. dick's said it expects to see an inflection in foot locker's comparable sales and profitability beginning with the back-to-school shopping season. for the full year, it expects foot locker comparable sales to grow between 1% and 3%.",earnings,neutral,CNBC,2026-03-12T18:18:13,https://www.cnbc.com/2026/03/12/dicks-sporting-goods-dks-earnings-q4-2025.html
Flights are already getting more expensive after jet fuel spike. When should you book?,"the surge infuel pricessince the u.s. and israelattacked irannearly two weeks ago is already driving up airfare. consumers' appetite for travel this year will dictate just how much. cathay pacific on thursday said it would roughly double fuelsurchargeson tickets starting march 18. earlier this week, australia's qantas said it israising fares to help cover its costs, scandinavian airlines said the ""unusually rapid and substantial increase"" in fuel prompted it to raise prices, and air new zealand pulled its financial outlook ""until fuel markets and operating conditions stabilise,"" adding that it has made ""initial fare adjustments."" ""if the conflict leads to continued elevated jet fuel costs, the airline may need to take further pricing action and adjust its network and schedule as required,"" air new zealand said. u.s. airline ceos and other executives will update investors on tuesday at the j.p. morgan industrials conference in washington, d.c. analysts expect an earnings hit at least in the first quarter if not the first half of the year, though the impact will depend on how long higher fuel prices last. ""we think a hit to 1q eps appears almost certain at this point,"" ubs airline analysts atul maheswari and thomas wadewitz wrote in a note last week. united airlinesceoscott kirbysaid last week on the sidelines of an event at harvard university that higher fares were likely on the way because of the surge in fuel prices. kirby said travel demand is still strong, however. two other senior airline executives at u.s. carriers, speaking on the condition of anonymity because they weren't authorized to speak to media, also said travel demand has held up. if those trends persist, it could give airlines more pricing power, but that will depend on the war's duration. ""airlines never met a higher fare they didn't want,"" said scott keyes, founder of flight deal company going, previously known as scott's cheap flights. so what should consumers do? keyes said travelers can't lose by booking early, as long as they're not buying restrictive basic economy tickets. that way, customers can try to exchange or cancel their tickets and buy cheaper ones if airfare ends up falling. ""if you book a $500 summer flight today, and two weeks from now the price drops to $350, you can call up the airline and get the $150 difference back as a credit. heads you win; tails the airlines lose,"" he said. jet fuel is airlines' biggest cost after labor, accounting for about a fifth or more of expenses, depending on the airline. united alone spent $11.4 billion last year on fuel, at an average price of $2.44 a gallon, according to a securities filing. u.s. jet fuel on wednesday was going for $3.78 a gallon, according to platts. jefferies airline analyst sheila kahyaoglu said in a note thursday that she expects ""the most acute financial impact to airlines from surging oil prices to be in the next 30-90 days as airlines have been booking yields for close-in flights assuming a much lower fuel price and carriers cannot retroactively raise fares."" she saiddelta air linesand united, which produce most u.s. airline profits, are better positioned than other carriers because of theirhigh-enddemand. risks to demand, particularly for more price-sensitive customers, include the recent jump ingasoline prices. jet fuel has more than doubled in some regions since the first u.s.–israel attacks on iran on feb. 28. oil pricessurged to roughly four-year highs after the initial strikes. energy prices haveswung wildlysince then as traders assess just how long the war — and all the logistics headaches — could last. u.s. jet fuel prices were up more than 60% from before the attacks to a peak last week, according to pricing data assessed by platts. jet fuel can rise by a greater degree than crude because it includes the price of processing and ever-more difficult and costly transportation from oil fields to refineries to airplane fuel tanks. on feb. 27, the day before the before the attacks, the cost to fill the fuel tanks of aboeing737-800 would have would have been about $17,000 based on average prices in new york, houston, chicago and los angeles, compiled by argus. less than a week later, on march 5, it would have cost more than $27,000, based on argus prices. on tuesday, after oil prices fell following presidentdonald trump'scommentthat the iran war could end ""very soon,"" it would have cost around $23,000. after prior fuel price surges, airlines started making customers pay for bags — orchargingthem more. even seemingly minor changes in weight can save airlines hundreds of thousands, if not millions of dollars, a year in fuel. united in 2018 changed to a lighter paper stock for its in-flight magazine. in 2014,american airlinessaid it would switch to digital manuals for flight attendants, following changes for pilots. it said at the time that it would save $650,000 in fuel a year. high fuel prices don't automatically mean higher fares. the ongoing strong demand for travel is a key factor and so is capacity, or the amount that carriers fly. if airlines raise fares and passengers balk, then capacity will likely go down in the form of fewer frequencies on a route or broader cuts, in more severe cases. ""airlines love to say fuel is expensive so you have to pay more. what they're doing is they're setting the expectation,"" said courtney miller, founder of visual approach analytics, an airline industry advisory firm. ""they price to prevent empty seats."" if fuel prices come down, ""they're not suddenly saying 'we're making too much money,'"" miller added. ""but they are likely to add another flight."" capacity, especially to and from the middle east, is constrained because of airspace closures and other stop-and-start flights. more than 46,000 flights have been canceled to and from the region since the feb. 28 attacks began, aviation data firm cirium said. those constraints are driving up fares as well as demand, as united's kirby said, from regions where customers are looking for alterative routes. airspace closures are also requiring airlines to take longer, more fuel-guzzling routes, but many have strong demand, too. qantas, for example, told cnbc that its flight from perth, australia, to london is temporarily stopping in singapore to refuel, allowing it to pick up another 60 customers, and that its perth-london and perth-paris routes are more than 90% full this month, 15 percentage points higher than normal for this time of year. finnair said the increased demand for travel to asia from helsinki has pushed up its prices by 15% on average. ""the impact of higher fuel prices will be reflected in market fares with a delay, as airlines typically hedge at least part of their fuel purchases,"" it said. airlines have been grappling with airspace closures for years, including from on-and-off conflict in the middle east and since russia's 2022 invasion of ukraine, that have left a large swath of airspace out of use for many carriers. most u.s. airlines no longer hedge fuel costs, or lock in prices using futures and other securities.southwest airlineswas one of the last holdouts, and it quit last year. a spokesman for the dallas-based airline told cnbc that southwest currently has ""no plans"" to resume hedging. that leaves u.s. carriers more susceptible to price swings. kirby said there would likely be an impact to united's first-quarter results and to the second quarter if the war — and blockage of thestrait of hormuz, a key shipping channel — persists. however, he said demand was increasing sharply from regions that have been affected by the thousands offlight cancellationsand airspace closures in the middle east. because of airlines' upbeat outlooks on demand to start the year, ""the environment is conducive for passing along fare increases. further, should jet fuel stay higher for longer, it should help push off-peak capacity lower,"" supporting unit revenues, ubs analysts said. rick joswick, who heads of near-term oil research and analytics at s&p global energy, told cnbc that ""demand for jet fuel is inelastic. you cannot shortchange an airport. if the cost of jet fuel goes up, it's not like the plane will choose not to fly that day. ""you can't dry up an airport,"" he said.",earnings,positive,CNBC,2026-03-12T16:48:41,https://www.cnbc.com/2026/03/12/airfare-prices-jet-fuel-iran-war.html
"Trump administration launches Section 301 trade probes into Mexico, China, EU, others","in this article the trump administration on wednesdayannounced new trade investigationsof china, mexico, the european union and more than a dozen other economies, with the goal of replacing presidentdonald trump's reciprocal tariffs, which were recentlyruled illegal by the supreme court. the probes, which will likely expand to more nations, will be conducted undersection 301 of the trade act of 1974,u.s.trade representative jamieson greertold reporters during a call. that law permits the u.s. to impose tariffs on imported goods from other nations found to have engaged in unfair trade practices. section 301 tariffs could replace at least some of the reciprocal tariffs on most of the world's nations that trump imposed on them last year without congressional authorization. ""the president's trade policy remains the same,"" greer said. ""protect american jobs and to make sure we have fair trade with our trading partners,"" he said. greer said that the section 301 probes ""will cover acts, policies and practices of certain economies relating to structural excess capacity and production in manufacturing sectors."" ""we expect that this investigation will uncover a variety of unfair trading practices related to excess capacity and production in manufacturing,"" he said. ""our view is that key trading partners have still production capacity that is really untethered from the market incentives of domestic and global demand."" he said that has led to large and persistent trade surpluses. besides mexico, china, and the eu, the other economies being investigated are japan, india, taiwan, vietnam, south korea, singapore, switzerland, norway, indonesia, malaysia, cambodia, bangladesh, and thailand. ""we do expect that there will be other section 301 investigations on a country-specific basis, or maybe other tools or investigations that may come up,"" greer said. ""i won't go into too much detail."" under section 301, the trade representative office will receive written comments on the probe and hold a hearing. ""we'll also be consulting with our trading partners who are subject to this investigation,"" greer said. ""after all of that, the ustr, we will have our findings and our analysis, and we will propose, if necessary, a responsive action,"" he said. ""responsive action can take a number of forms. it can be tariffs, it can be fees on services, it can be other things."" the supreme court, in a 6-3 ruling feb. 20, said trump did not have the authority to levy such duties under the international emergency economic powers act, or ieepa, as he had claimed he did. trump, within hours of that decision,signed anexecutive orderimposing a new 10% ""global tariff"" under section 122 of the trade act. section 122 tariffs expire within 150 days. treasury secretary scott bessent, in an interview with cnbclast week, predicted that by august, u.s. tariffs would return to the levels in effect before the supreme court's ruling. bessent said that in the coming months, the office of the u.s. trade representative and the commerce department will complete trade-related studies that would allow them to impose more tariffs. ""it's my strong belief that the tariff rates will be back to their old rate within five months, and those are very fulsome authorities,"" bessent said. ""they have survived more than 4,000 legal challenges. they are more slow-moving, but they are more robust,"" he said.",leadership_change,neutral,CNBC,2026-03-11T23:48:34,https://www.cnbc.com/2026/03/11/trump-trade-investigations-ieepa-tariffs.html
"This is an 'overlooked tax break' for retirement savers — and many couples miss it, advisor says","if you're married and in asingle-income household, there's still time to boost your 2025retirement savingsthrough alesser-known strategy. the move entails using a spousal individual retirement account, which is a separaterothortraditional irafor non-earning spouses. the last chance to make retroactive contributions for 2025 is april 15, which is also thefederal tax deadlinefor most filers. spousal iras are ""one of the most overlooked tax breaks in the retirement system,"" said certified financial planner randy bruns, founder of advisory firm model wealth in naperville, illinois. ""as long as the working spouse has sufficient earned income, both spouses can make ira contributions,"" he said. ""this effectively doubles the household's opportunity to save in tax-advantaged accounts."" for 2025, theira contribution limitis $7,000, plus an extra $1,000 catch-up contribution for investors age 50 and older. the ira contribution limits arehigher for 2026, with a $7,500 cap, plus $1,100 for investors age 50 and older. that means older couples still have about a month before the april 15 deadline to save up to $8,000 per ira, or $16,000 total, for 2025. pre-tax contributions to traditional spousal iras could provide a deduction for 2025,depending on your incomeand workplace retirement plan participation. spousal iras can also help boost retirement savings when one spouse temporarily leaves the workforce, said cfp otto rivera, principal at advisory firm mindful wealth in the greater orlando, florida area. ""i wish more couples knew about it,"" he said. in mid-2024, ira ownership reached a record high with roughly57.9 million u.s. householdssaying they owned accounts, according to an april 2025 report from the investment company institute, a trade organization for regulated investment funds. still, as of mid-2024, only 37% of u.s. households with iras weremaking contributions, the ici report found. the growth in traditional pretax iras has largely been fueled by rollovers from employer retirement plans, such as401(k)s, according to the findings. as of dec. 31, 2025, the average ira balance was $137,095, up 7% from the previous year, according to fidelity investments'quarterly summarybased on 18.9 million iras. beyond higher savings, spousal iras could also improve ""tax diversification"" across the household's portfolio, said cfp christopher giambrone, co-founder of advisory firm cg capital in new hartford, new york. many couples already have ""substantial pre-tax savings through employer plans,"" he said. as of year-end 2024, nearly 90% of company plans offered after-tax roth contributions, butonly 18% of workerswere making them, according to estimates from vanguard's 2025 how america saves report. while pre-tax contributions provide an upfront tax break, investors pay regular income taxes on future withdrawals. but funneling spousal ira contributions to roth accounts could provide ""tax-free income later in retirement,"" giambrone said.",earnings,positive,CNBC,2026-03-12T15:53:06,https://www.cnbc.com/2026/03/12/spousal-ira-save-for-retirement.html
TSA workers set to miss first paycheck of shutdown as Senate bickers over DHS funding,"a debate overimmigrationand ending thedepartment of homeland securityshutdown spilled over onto the senate floor late wednesday, astransportation security administrationagents are among the dhs employees who will miss their first full paychecks this week. airports have recently buckled under the funding gap, with travelers suffering throughlong linesat security checkpoints as agents call out of work rather than toil without pay. the rhetorical battle on the senate floor that resulted in no changes came weeks into a shutdown at dhs that began feb. 14. democrats are demanding new restrictions on immigration enforcement as a condition for funding the agency, after two u.s. citizens were shot and killed by federal immigration agents in minneapolis. republicans — backed by presidentdonald trump— are not interested in policy changes as a condition of funding the agency. sen.patty murray, d-wash., proposed funding only the tsa, coast guard, federal emergency management agency, and the cybersecurity and infrastructure security agency, while lawmakers continue to debate funding for immigration and customs enforcement and customs and border protection, the subagencies that deal with immigration enforcement. ""as for the rest of dhs that does important work to keep americans safe like fema, coast guard, tsa, democrats are here, we are trying to fund those agencies — while ice and border patrol negotiations continue,"" murray, who is vice chair of the senate appropriations committee, said. sen.katie britt, r-ala., chair of the senate appropriations committee's homeland security subpanel, blocked murray's measure. britt then offered a proposal to fund dhs for two weeks, which murray subsequently blocked. ""the people who sent us here expect more,"" britt said. ""we would like that opportunity to continue funding the department of homeland security in its entirety, while we have a conversation about the best pathway to move forward."" democrats on thursday proposed funding individual agencies within dhs: the tsa, coast guard, fema and cisa. putting each agency up to be funded individually will allow the party to campaign on republicans declining to do so just as republicans will frame democrats' refusal to fund the entire agency the same way. republicans are wary of accepting an extension of all of dhs except border patrol and ice, fearing that funding packages for those agencies will never reach completion due to their narrow senate majority. democratic votes are required to move legislation through the chamber. democrats contend border patrol and ice are already funded through the republican tax cut and spending megabill passed last year, and they will not accept more funding for those agencies without changes to immigration enforcement practices. the lack of either proposal moving forward effectively ensures the agency's employees will miss their first full paycheck this week. an average tsa agent in washingtonmakes just under $50,000 annually, according to ziprecruiter. dozens of senators took to the floor on wednesday to publicly debate the dueling measures. senate majority leaderjohn thune, r-s.d., implored lawmakers to support the measure and urged continued negotiations. ""i don't understand why anybody would object to that if you are sincere in trying to get a deal,"" thune said. murray said the republican proposal ""doesn't do enough to meet this moment, not by a long shot."" sen. cynthia lummis, r-wyo., also went to the floor and said ""we're in a terrible conundrum here."" but the senate came to no resolution to keep funding dhs and paying its employees. correction: sen. patty murray, d-wash., is vice chair of the senate appropriations committee. an earlier version misstated her title on the committee.",regulatory_action,negative,CNBC,2026-03-12T17:36:37,https://www.cnbc.com/2026/03/12/senate-dhs-homeland-shutdown-funding-tsa-immigration.html
Social Security 2027 cost-of-living adjustment forecast may rise with high oil prices,"elevated oil pricesmay push upinflationin the coming months, which could lead to higher estimates for the 2027social securitycost-of-living adjustment. ""geo/political tensions are driving up the price of oil right now which will continue to drive up my estimates of the cola,"" mary johnson, an independent social security and medicare analyst, said via email. based on newgovernment inflation datafor february, the social securitycolamay be 1.7% in 2027, according to johnson. that's up from johnson'sestimate of 1.2%last month. separately, the senior citizens league, a nonpartisan senior group,forecasts a 2.8%cost-of-living adjustment for 2027, unchanged from its estimate from last month. the social security cost-of-living adjustment is an annual change to benefits to help monthly paymentskeep pacewith inflation. for 2026, about 75 million social security and supplemental security income beneficiaries received a2.8% cost-of-living adjustment.that prompted a $56 per month increase to retirement benefits, on average, the social security administrationsaid in october.however, those rises may vary, particularly with annual hikes to medicare part b premiums, which are typicallydeducted from monthly benefit checks. social security colas have averaged about 3.1% in the past decade, according to the agency. in some recent years, beneficiaries have seen much higher annual increases as inflation spiked following the covid pandemic. in 2022 and 2023, the colas were5.9%and8.7%, respectively. both rises were the highest in four decades at the time. in the years since, the social security cola increases have fallen closer to average. the 12-month inflation raterose 2.4%, according to consumer price index data for february released on wednesday. that data did not include recent oil shocks prompted by the iran war. gasolinefell 5.6%over the past 12 months, according to the february cpi data. however, march data will likely show a jump in those prices, which could in turn push up the 2027 cola forecast, according to johnson. retirees are already facing higher utility bills, as the costs of home heating oil, natural gas and electricity have risen, she said. tariff policiesmay also lead to higher consumer costs. the social security cola is calculated by comparing third-quarter inflation data for the current year to the previous year's third-quarter data. if there is an increase from year to year, as measured by the consumer price index for urban wage earners and clerical workers, or cpi-w, that determines the percentage of the cola. consequently, the cola can lag behind higher inflation, or be higher than the current pace of inflation. the cpi-w increased 2.2% over the past 12 months as of february — lower than the 2.8% cola for 2026. yet how inflation affects individuals and households varies depending on their spending habits, orpersonal inflation rate. the cola for the following year is typically announced by the social security administration in october.",earnings,neutral,CNBC,2026-03-12T13:35:07,https://www.cnbc.com/2026/03/11/social-security-cola-oil-prices.html
Nintendo has jumped 18% this week as a surprise Pokémon hit drove hope it could boost Switch 2 sales,"in this article nintendoshares have rallied 18% so far this week after a pokémon game became a surprise viral hit, raising hopes it could drive sales of the company's flagship switch 2 console. nintendo sold 2.2 million units of ""pokémon pokopia"" in the first four days after its release last week, making it the fourth-best-selling title so far for the switch 2, which was launched last year. first announced in september last year, the game wasn't seen as a potentially huge blockbuster, as it is a spin-off from the main pokémon franchise. ""pokémon pokopia"" is only available on the switch 2, with nintendo's share price rally this week built on hopes this might drive sales of the flagship console. nintendo has previously forecast sales of19 million unitsof the switch 2 for its fiscal year that runs to the end of march. it's so far sold 17.37 million units. ""nintendo investors were yearning for system sellers to further maintain momentum for the hardware, and pokopia is one — even though it's not a 3d mario or new zelda title,"" toto said, referring to two of nintendo's most recognizable characters. ""pokémon pokopia"" is set in a post-apocalyptic world where only pokémon are left. the player has to rebuild the world into a new utopia. the gameplay has elements of ""animal crossing,"" one of nintendo's most popular games on the original switch. ""pokopia is extremely well made with high production value, deep gameplay, and a strong multiplayer aspect that supports virality,"" serkan toto, ceo of kantan games, told cnbc. the game has a rating of 89 on metacritic, a closely watched game ratings site, making it one of the highest-rated pokémon games of all time. even after this week's share price rally, nintendo's stock is still down about 28% over the last six months. the stock has struggled amid rising concerns about thesurging cost of memorythat goes into the company's consoles, and whether a potential rise in prices couldimpact margins or demand.",earnings,positive,CNBC,2026-03-12T11:58:52,https://www.cnbc.com/2026/03/12/pokemon-pokopia-nintendo-share-price-rise-switch-2.html
FCC chair slams Amazon for slow satellite launches after it opposed SpaceX data center plan,"in this article federal communications commissionchairmanbrendan carrlashed out atamazonon wednesday for opposingspacex's orbital data center plans while it's falling short of its own satellite ""deployment milestone."" ""amazon should focus on the fact that it will fall roughly 1,000 satellites short of meeting its upcoming deployment milestone, rather than spending their time and resources filing petitions against companies that are putting thousands of satellites in orbit,"" carr wrote ina post on x. amazon declined to comment. amazon last week urged the fcc to reject aspacex applicationfor permission to launch a constellation of up to 1 million low earth orbit satellites, which would function as a data center network in space to supportartificial intelligenceprojects. amazon characterized the application as a ""lofty ambition rather than a real plan,"" noting spacex has provided scant details around how it will ""deliver on these grand claims."" spacex'sstarlinkservice currently dominates the internet-from-space market. amazon has been vying to compete with starlink via itsleo satellite service, previously branded as kuiper. the company has invested more than $10 billion into the effort, and has sent up at least 200 satellitessince last aprilvia a variety of launch partners, includingelon musk'sspacex. in late january, amazonasked the fccfor a waiver or 24-month extension, to july 2028, to meet a deadline that requires it to deploy roughly 1,600 internet satellites by july 2026. at the time, the company blamed delays beyond its control, including a ""shortage in the near-term availability"" of rockets and manufacturing disruptions. amazon noted in its request that the fcc has previously granted similar extensions. the fcc last monthapproveda separate petition from amazon to deploy 4,500 internet satellites, which would more than double the size of its constellation. starlink has around 9,000 satellites in orbit today and roughly 9 million customers. it recently received authorization from the fcc to putanother 7,500satellites into orbit. scientistshave decried the spacex proposal to launchone million satellitesinto orbit, citing a wide range of issues, including light pollution, orbital debris and other harms to the broader orbital environment, as well as increased risk of ""kessler syndrome,"" a scenario in which debris and clutter in space can cause a chain reaction that makes low earth orbit unusable. amazon pointed to these concerns from astronomers and environmental groups in its petition, and said spacex's application ""risks worsening international backlash"" from regulators who are concerned about monopolization of space resources. ""granting the application would worsen matters further, forcing every other operator in low-earth orbit to plan around a constellation that may never exist, distorting international spectrum and orbital coordination proceedings, and lending regulatory legitimacy to what amounts to a publicity and narrative-shaping exercise,"" amazon wrote in its request to the fcc. the fcc hasn't yet approved spacex's request, but in separate remarks toreuterson wednesday, carr said he doesn't expect amazon's petition to ""get much traction."" carr is a longtime public fan of spacex who has mocked environmental concerns from those calling out musk's company for launches that harmed public lands and endangered species' habitat. he alsoaccusedthe fcc, under former presidentjoe biden, of ""regulatory harassment"" of spacex when the agencyfoundthe company's starlink wifi service was not fit at the time to fulfill the program needs of a rural broadband initiative.",leadership_change,negative,CNBC,2026-03-11T22:28:13,https://www.cnbc.com/2026/03/11/fcc-chair-amazon-spacex-data-center-space.html
"Google sells partial stake in fiber business, becomes minority owner of new venture","in this article googlesaid its fiber internet unit called gfiber is combining with astound broadband and forming an independent provider, with google remaining as a minority shareholder. the new company will be majority owned by investment firm stonepeak and led by the existing gfiber executive team, ""utilizing their expertise in high-speed fiber innovation to manage the combined network footprint,"" google said in apress releaseon wednesday. the transaction is expected to close in the fourth quarter. google fiber, launched in 2010, was an early effort by google to build ultra-fast fiber-optic broadband networks in the u.s., starting with a gigabit-speed rollout in kansas city in 2012. google proposed building gigabit fiber connections to homes, far faster than typical u.s. internet speeds at the time. since then, some planned expansions were canceled and the company focused onselect markets rather than a costly and time-intensive nationwide rollout. the spinout comes at a time when demand is growing for high-capacity networks fueled by the increasing popularity of artificial intelligence services. the external capital will help the new entity expand across the country, the company said. ""this partnership with astound and stonepeak is the next step in our decade-long mission to redefine what customers can expect from their internet provider,"" gfiber ceo dinni jain said in the release. gfiber has been part of google's ""other bets"" segment, which includes non-core assets such as the waymo robotaxi division and drug discovery business isomorphic labs. in 2025, the combined segment generated $1.54 billion in revenue, or less than 0.5% of alphabet's total sales, and recorded an operating loss of $16.8 billion. the shift toward fiber infrastructure has become increasingly important as demand grows for networks that can support cloud computing, streaming and emerging ai services. u.s. tech giants are alsorolling outa rapidly expanding network of transcontinental subsea cables, seeking to keep pace with growing bandwidth demand. astound is a major u.s. cable operator and broadband platform,which was acquired by stonepeak in 2021 for $8.1 billion. stonepeak specializes in infrastructure and real estate. a google spokesperson didn't immediately respond to a request for comment. watch:google's capacity advantage",earnings,negative,CNBC,2026-03-12T03:19:27,https://www.cnbc.com/2026/03/11/google-sells-partial-stake-in-fiber-becomes-minority-owner-in-venture-.html
